﻿,ינואר,שלישי,לילה,קלה,התנגשות חזית בצד,0,0,0,0,2,2,4,2,2,לא-עירונית בצומת,עיגון מדויק,3,0,,1,,,,,
2008,מרס,חמישי,לילה,קלה,התנגשות חזית בצד,0,0,0,0,2,0,3,2,2,לא-עירונית בצומת,עיגון מדויק,3,0,,2,,,,,
2008,פברואר,שישי,לילה,קלה,התנגשות חזית בצד,0,0,0,1,3,0,5,2,2,לא-עירונית בצומת,עיגון מדויק,3,0,,4,,,,,
2008,יוני,שני,יום,קלה,התנגשות חזית בצד,0,0,0,0,1,0,1,2,2,לא-עירונית בצומת,עיגון מדויק,3,0,,4,,,,,
2008,אוקטובר,רביעי,לילה,קלה,התנגשות חזית בצד,0,0,0,0,2,0,2,2,2,לא-עירונית בצומת,עיגון מדויק,3,0,,4,,,,,
2008,מאי,רביעי,יום,קלה,התנגשות חזית בצד,0,0,0,0,2,0,2,3,3,לא-עירונית בצומת,עיגון מדויק,3,0,,2,,,,,
2008,אוקטובר,שישי,לילה,קלה,התנגשות חזית בצד,0,0,0,0,1,0,1,2,2,לא-עירונית בצומת,עיגון מדויק,3,0,,4,,,,,
2008,ספטמבר,ראשון,יום,קלה,התנגשות חזית בצד,0,0,0,0,4,0,4,2,2,לא-עירונית בצומת,עיגון מדויק,3,0,,1,,,,,
2008,ינואר,חמישי,לילה,קשה,פגיעה בהולך רגל,0,1,1,0,1,0,1,1,1,לא-עירונית לא בצומת,מרכז דרך,4,0,,8,,,,,
2008,פברואר,שישי,יום,קלה,התהפכות,0,0,0,0,1,0,1,1,1,לא-עירונית לא בצומת,מרכז דרך,4,0,,8,,,,,
2008,מרס,חמישי,יום,קטלנית,התנגשות חזית בחזית,1,0,0,0,2,0,2,2,2,לא-עירונית לא בצומת,מרכז דרך,4,0,,8,,,,,
2008,מרס,חמישי,יום,קלה,התנגשות חזית באחור,0,0,0,0,1,0,1,2,2,לא-עירונית לא בצומת,עיגון מדויק,4,0,,1,,,,,
2008,פברואר,שלישי,יום,קלה,התנגשות חזית בצד,0,0,0,2,3,0,5,2,2,לא-עירונית לא בצומת,עיגון מדויק,4,0,,1,,,,,
2008,מרס,שני,יום,קלה,התנגשות חזית באחור,0,0,0,1,3,0,4,5,5,לא-עירונית לא בצומת,עיגון מדויק,4,0,,1,,,,,
2008,אפריל,חמישי,לילה,קלה,התנגשות צד בצד,0,0,0,1,2,0,3,2,2,לא-עירונית לא בצומת,עיגון מדויק,4,0,,1,,,,,
2008,ינואר,רביעי,לילה,קלה,התנגשות חזית באחור,0,0,0,0,1,0,1,2,2,לא-עירונית לא בצומת,עיגון מדויק,4,0,,1,,,,,
2008,ינואר,רביעי,לילה,קטלנית,התנגשות חזית בצד,1,1,0,2,5,0,7,2,2,לא-עירונית לא בצומת,עיגון מדויק,4,0,,1,,,,,
2008,ספטמבר,שני,יום,קלה,התנגשות חזית בצד,0,0,0,1,2,0,3,2,2,לא-עירונית לא בצומת,עיגון מדויק,4,0,,1,,,,,
2008,ספטמבר,ראשון,לילה,קלה,התהפכות,0,0,0,1,0,0,1,1,1,לא-עירונית לא בצומת,עיגון מדויק,4,0,,1,,,,,
2008,ספטמבר,שבת,יום,קלה,התנגשות חזית בצד,0,0,0,2,3,1,6,2,2,לא-עירונית לא בצומת,עיגון מדויק,4,0,,1,,,,,
2008,דצמבר,ראשון,יום,קלה,התנגשות עם עצם דומם,0,0,0,0,2,0,2,3,3,לא-עירונית לא בצומת,עיגון מדויק,4,0,,1,,,,,
2008,דצמבר,חמישי,יום,קלה,התנגשות חזית בצד,0,0,0,0,1,0,1,3,3,לא-עירונית לא בצומת,עיגון מדויק,4,0,,1,,,,,
2008,ספטמבר,שישי,לילה,קשה,התנגשות חזית בצד,0,1,0,1,1,0,2,2,2,לא-עירונית לא בצומת,עיגון מדויק,4,0,,1,,,,,
2008,נובמבר,רביעי,לילה,קשה,אחר,0,1,0,0,1,0,1,1,1,לא-עירונית לא בצומת,עיגון מדויק,4,0,,1,,,,,
2008,אוקטובר,רביעי,יום,קלה,התנגשות חזית בצד,0,0,0,0,1,0,1,3,3,לא-עירונית לא בצומת,מרכז דרך,4,0,,8,,,,,
2008,ספטמבר,רביעי,יום,קלה,התנגשות חזית בחזית,0,0,0,0,3,0,3,2,2,לא-עירונית לא בצומת,מרכז דרך,4,0,,8,,,,,
2008,נובמבר,רביעי,לילה,קשה,התנגשות חזית בצד,0,1,0,0,4,0,4,2,2,לא-עירונית לא בצומת,עיגון מדויק,4,0,,1,,,,,
2008,דצמבר,שבת,יום,קשה,התהפכות,0,1,0,0,1,0,1,1,1,לא-עירונית לא בצומת,עיגון מדויק,4,0,,1,,,,,
2008,יולי,שני,לילה,קטלנית,התנגשות חזית בצד,1,2,0,0,4,0,4,2,2,לא-עירונית לא בצומת,עיגון מדויק,4,0,,2,,,,,
2008,אוגוסט,שני,יום,קלה,פגיעה בהולך רגל,0,0,1,0,0,1,1,1,1,לא-עירונית לא בצומת,עיגון מדויק,4,0,,1,,,,,
2008,אוקטובר,חמישי,לילה,קשה,התנגשות חזית בצד,0,2,0,1,2,0,3,2,2,לא-עירונית לא בצומת,עיגון מדויק,4,0,,1,,,,,
2008,ספטמבר,רביעי,לילה,קלה,התנגשות חזית באחור,0,0,0,0,3,0,3,3,3,לא-עירונית לא בצומת,עיגון מדויק,4,0,,1,,,,,
2008,יוני,חמישי,יום,קטלנית,התנגשות צד בצד,3,0,0,3,0,0,3,2,2,לא-עירונית לא בצומת,עיגון מדויק,4,0,,1,,,,,
2008,מאי,שלישי,יום,קלה,התנגשות חזית בחזית,0,0,0,1,1,0,2,2,2,לא-עירונית לא בצומת,מרכז דרך,4,0,,8,,,,,
2008,אוקטובר,שבת,יום,קטלנית,התנגשות חזית בחזית,3,2,0,2,3,0,5,2,2,לא-עירונית לא בצומת,עיגון מדויק,4,0,,1,,,,,
2008,מאי,חמישי,לילה,קלה,ירידה מהכביש או עלייה למדרכה,0,0,0,0,2,0,2,1,1,לא-עירונית לא בצומת,עיגון מדויק,4,0,,1,,,,,
2008,אוקטובר,שני,יום,קלה,התנגשות חזית בצד,0,0,0,1,2,0,3,2,2,לא-עירונית לא בצומת,עיגון מדויק,4,0,,1,,,,,
2008,אוגוסט,שני,יום,קלה,התנגשות חזית בצד,0,0,0,0,1,0,1,2,2,לא-עירונית לא בצומת,עיגון מדויק,4,0,,2,,,,,
2008,אוקטובר,שני,יום,קלה,התנגשות חזית באחור,0,0,0,0,7,0,7,4,4,לא-עירונית לא בצומת,עיגון מדויק,4,0,,1,,,,,
2008,אוגוסט,שני,לילה,קלה,התנגשות עם עצם דומם,0,0,0,0,0,1,1,1,1,לא-עירונית לא בצומת,מרכז דרך,4,0,,8,,,,,
2009,פברואר,שישי,יום,קשה,החלקה,0,1,0,0,1,0,1,1,1,לא-עירונית לא בצומת,עיגון מדויק,4,0,,1,,,,,
2009,יולי,רביעי,לילה,קלה,התנגשות חזית בצד,0,0,0,0,3,0,3,2,2,לא-עירונית לא בצומת,עיגון מדויק,4,0,,2,,,,,
2009,יוני,חמישי,לילה,קשה,ירידה מהכביש או עלייה למדרכה,0,1,0,0,1,0,1,1,1,לא-עירונית לא בצומת,מרכז דרך,4,0,,8,,,,,
2009,מאי,שבת,לילה,קלה,התנגשות חזית בצד,0,0,0,0,1,0,1,2,2,לא-עירונית לא בצומת,עיגון מדויק,4,0,,2,,,,,
2009,יולי,שישי,יום,קלה,התנגשות חזית בצד,0,0,0,0,2,1,3,2,2,לא-עירונית בצומת,עיגון מדויק,3,0,,1,,,,,
2009,אוקטובר,חמישי,לילה,קלה,התנגשות חזית בצד,0,0,0,0,3,0,3,2,2,לא-עירונית בצומת,עיגון מדויק,3,0,,5,,,,,
2009,יולי,חמישי,יום,קלה,התנגשות חזית בצד,0,0,0,0,2,0,2,2,2,לא-עירונית בצומת,עיגון מדויק,3,0,,1,,,,,
2009,פברואר,חמישי,לילה,קלה,התנגשות חזית בחזית,0,0,0,0,2,0,2,2,2,לא-עירונית בצומת,עיגון מדויק,3,0,,2,,,,,
2009,פברואר,חמישי,לילה,קלה,התנגשות חזית בצד,0,0,0,0,1,0,1,2,2,לא-עירונית בצומת,מרכז דרך,3,0,,4,,,,,
2009,דצמבר,שני,לילה,קלה,התנגשות חזית בצד,0,0,0,1,4,1,6,2,2,לא-עירונית בצומת,עיגון מדויק,3,0,,1,,,,,
2009,ספטמבר,רביעי,יום,קלה,התנגשות חזית בצד,0,0,0,0,2,0,2,2,2,לא-עירונית בצומת,עיגון מדויק,3,0,,5,,,,,
2009,ספטמבר,רביעי,יום,קלה,התנגשות חזית בצד,0,0,0,2,2,0,5,2,2,לא-עירונית בצומת,עיגון מדויק,3,0,,5,,,,,
2009,ינואר,שישי,לילה,קלה,התנגשות חזית בצד,0,0,0,1,7,0,8,2,2,לא-עירונית בצומת,עיגון מדויק,3,0,,1,,,,,
2009,דצמבר,חמישי,יום,קלה,התנגשות חזית בצד,0,0,1,0,2,0,2,2,2,לא-עירונית בצומת,עיגון מדויק,3,0,,5,,,,,
2009,דצמבר,שלישי,יום,קלה,התנגשות חזית בצד,0,0,0,0,1,0,1,3,3,לא-עירונית בצומת,עיגון מדויק,3,0,,2,,,,,
2009,אפריל,שישי,לילה,קלה,התנגשות חזית בצד,0,0,0,3,3,0,6,2,2,לא-עירונית בצומת,עיגון מדויק,3,0,,5,,,,,
2009,ספטמבר,שישי,לילה,קלה,התנגשות חזית בצד,0,0,0,0,2,0,2,3,3,לא-עירונית לא בצומת,עיגון מדויק,4,0,,1,,,,,
2009,דצמבר,ראשון,לילה,קלה,התנגשות חזית באחור,0,0,0,0,1,0,1,2,2,לא-עירונית לא בצומת,עיגון מדויק,4,0,,3,,,,,
2009,פברואר,שלישי,יום,קטלנית,התנגשות צד בצד,8,0,0,2,18,12,32,2,2,לא-עירונית לא בצומת,מרכז דרך,4,0,,4,,,,,
2009,יוני,שני,יום,קלה,התהפכות,0,0,0,0,1,0,1,1,1,לא-עירונית לא בצומת,עיגון מדויק,4,0,,3,,,,,
2009,מאי,שני,יום,קלה,פגיעה בהולך רגל,0,0,1,0,1,0,1,1,1,לא-עירונית לא בצומת,עיגון מדויק,4,0,,1,,,,,
2009,מרס,שבת,יום,קלה,התנגשות חזית באחור,0,0,0,0,1,0,1,2,2,לא-עירונית לא בצומת,עיגון מדויק,4,0,,3,,,,,
2009,יוני,שישי,יום,קלה,התנגשות חזית בצד,0,0,0,0,2,0,2,2,2,לא-עירונית לא בצומת,עיגון מדויק,4,0,,2,,,,,
2009,מרס,שבת,יום,קטלנית,החלקה,1,0,0,0,1,0,1,1,1,לא-עירונית לא בצומת,עיגון מדויק,4,0,,1,,,,,
2009,יוני,ראשון,יום,קשה,התהפכות,0,1,0,0,0,0,2,1,1,לא-עירונית לא בצומת,עיגון מדויק,4,0,,2,,,,,
2009,יולי,ראשון,לילה,קשה,פגיעה בהולך רגל,0,1,1,1,0,0,1,1,1,לא-עירונית לא בצומת,עיגון מדויק,4,0,,1,,,,,
2009,נובמבר,שלישי,לילה,קלה,התנגשות חזית בצד,0,0,0,0,1,0,1,2,2,לא-עירונית לא בצומת,עיגון מדויק,4,0,,3,,,,,
2009,ינואר,שבת,יום,קטלנית,התנגשות חזית בצד,1,0,0,1,1,0,2,2,2,לא-עירונית לא בצומת,עיגון מדויק,4,0,,2,,,,,
2009,אוגוסט,שני,יום,קלה,התנגשות חזית בחזית,0,0,0,0,1,0,1,2,2,לא-עירונית לא בצומת,עיגון מדויק,4,0,,1,,,,,
2009,אפריל,חמישי,יום,קשה,התנגשות חזית בצד,0,1,0,0,1,0,1,2,2,לא-עירונית לא בצומת,עיגון מדויק,4,0,,1,,,,,
2009,יולי,שבת,יום,קשה,החלקה,0,1,0,0,1,0,1,1,1,לא-עירונית לא בצומת,עיגון מדויק,4,0,,1,,,,,
2009,אוקטובר,שבת,לילה,קטלנית,התהפכות,2,1,0,3,1,0,4,1,1,לא-עירונית לא בצומת,עיגון מדויק,4,0,,3,,,,,
2009,דצמבר,שני,יום,קלה,התנגשות צד בצד,0,0,0,0,1,1,2,2,2,לא-עירונית לא בצומת,מרכז דרך,4,0,,4,,,,,
2009,דצמבר,שלישי,יום,קלה,אחר,0,0,0,0,1,0,1,2,2,לא-עירונית לא בצומת,עיגון מדויק,4,0,,1,,,,,
2009,אוקטובר,שבת,יום,קטלנית,התנגשות חזית בחזית,1,0,0,0,3,0,3,2,2,לא-עירונית לא בצומת,מרכז דרך,4,0,,4,,,,,
2009,אוקטובר,ראשון,יום,קטלנית,פגיעה בהולך רגל,1,0,1,0,1,0,1,2,2,לא-עירונית לא בצומת,עיגון מדויק,4,0,,1,,,,,
2009,מרס,שישי,לילה,קלה,ירידה מהכביש או עלייה למדרכה,0,0,0,2,18,0,20,5,5,לא-עירונית לא בצומת,עיגון מדויק,4,0,,1,,,,,
2009,ספטמבר,חמישי,יום,קלה,התנגשות חזית באחור,0,0,0,0,1,0,1,2,2,לא-עירונית לא בצומת,עיגון מדויק,4,0,,2,,,,,
2009,ינואר,שישי,יום,קלה,התנגשות חזית בצד,0,0,0,1,3,0,4,3,3,לא-עירונית לא בצומת,עיגון מדויק,4,0,,3,,,,,
2009,יוני,שישי,יום,קלה,אחר,0,0,0,0,1,0,1,2,2,לא-עירונית לא בצומת,עיגון מדויק,4,0,,1,,,,,
2009,נובמבר,ראשון,יום,קשה,התהפכות,0,1,0,0,0,1,1,1,1,לא-עירונית לא בצומת,עיגון מדויק,4,0,,2,,,,,
2009,יולי,רביעי,יום,קשה,התנגשות חזית בחזית,0,4,0,4,1,0,5,2,2,לא-עירונית לא בצומת,עיגון מדויק,4,0,,1,,,,,
2009,יוני,שלישי,יום,קשה,התנגשות חזית בחזית,0,1,0,0,1,0,1,2,2,לא-עירונית לא בצומת,עיגון מדויק,4,0,,1,,,,,
2009,אפריל,שבת,יום,קשה,החלקה,0,1,0,0,1,0,1,1,1,לא-עירונית לא בצומת,עיגון מדויק,4,0,,2,,,,,
2009,אוגוסט,שבת,יום,קלה,התנגשות צד בצד,0,0,0,0,1,0,1,2,2,לא-עירונית לא בצומת,עיגון מדויק,4,0,,1,,,,,
2009,ספטמבר,חמישי,יום,קטלנית,התנגשות חזית בצד,1,0,0,0,1,0,1,2,2,לא-עירונית בצומת,עיגון מדויק,3,0,,5,,,,,
2009,מרס,שני,לילה,קלה,התנגשות חזית בצד,0,0,0,0,3,0,3,2,2,לא-עירונית בצומת,עיגון מדויק,3,0,,5,,,,,
2009,מאי,שני,לילה,קשה,התהפכות,0,1,0,1,1,0,2,1,1,לא-עירונית בצומת,עיגון מדויק,3,0,,2,,,,,
2009,מרס,ראשון,לילה,קלה,התנגשות חזית בחזית,0,0,0,0,8,0,8,2,2,לא-עירונית בצומת,עיגון מדויק,3,0,,5,,,,,
2009,מרס,ראשון,יום,קלה,התנגשות חזית בצד,0,0,0,0,2,0,2,2,2,לא-עירונית בצומת,עיגון מדויק,3,0,,2,,,,,
2009,אוגוסט,ראשון,יום,קלה,התנגשות חזית בצד,0,0,0,0,3,0,3,2,2,לא-עירונית בצומת,עיגון מדויק,3,0,,8,,,,,
2009,פברואר,חמישי,יום,קלה,התנגשות חזית בצד,0,0,0,0,2,0,2,2,2,לא-עירונית בצומת,עיגון מדויק,3,0,,5,,,,,
2009,מאי,רביעי,יום,קשה,התהפכות,0,1,0,0,2,0,2,1,1,לא-עירונית בצומת,עיגון מדויק,3,0,,5,,,,,
2009,מרס,שבת,יום,קלה,התנגשות חזית בצד,0,0,0,0,2,2,4,2,2,לא-עירונית בצומת,עיגון מדויק,3,0,,8,,,,,
2009,אוגוסט,חמישי,יום,קשה,התנגשות חזית בצד,0,2,0,2,2,0,4,2,2,לא-עירונית בצומת,עיגון מדויק,3,0,,8,,,,,
2009,אפריל,שישי,יום,קלה,התנגשות חזית בצד,0,0,0,1,3,0,4,2,2,לא-עירונית בצומת,עיגון מדויק,3,0,,8,,,,,
2009,יוני,ראשון,לילה,קלה,התנגשות חזית בצד,0,0,0,0,1,0,1,2,2,לא-עירונית בצומת,עיגון מדויק,3,0,,8,,,,,
2009,יוני,שישי,לילה,קלה,התנגשות חזית בצד,0,0,0,1,3,0,4,2,2,לא-עירונית בצומת,עיגון מדויק,3,0,,8,,,,,
2009,מאי,רביעי,יום,קלה,התנגשות חזית בחזית,0,0,0,0,4,0,4,2,2,לא-עירונית בצומת,עיגון מדויק,3,0,,8,,,,,
2009,אוקטובר,שבת,יום,קלה,התנגשות חזית בצד,0,0,0,0,2,0,3,2,2,לא-עירונית בצומת,עיגון מדויק,3,0,,8,,,,,
2009,דצמבר,שישי,לילה,קטלנית,התהפכות,1,2,0,0,4,0,4,1,1,לא-עירונית לא בצומת,עיגון מדויק,4,0,,1,,,,,
2009,דצמבר,שישי,לילה,קטלנית,התנגשות חזית בחזית,1,1,0,0,4,0,4,3,3,לא-עירונית לא בצומת,עיגון מדויק,4,0,,1,,,,,
2009,ינואר,שני,לילה,קלה,התנגשות חזית באחור,0,0,0,0,2,0,2,3,3,לא-עירונית לא בצומת,עיגון מדויק,4,0,,1,,,,,
2009,ספטמבר,שלישי,יום,קטלנית,התנגשות חזית בחזית,1,1,0,1,16,0,17,3,3,לא-עירונית לא בצומת,עיגון מדויק,4,0,,1,,,,,
2009,אפריל,שלישי,יום,קשה,התנגשות חזית באחור,0,1,0,0,0,4,4,2,2,לא-עירונית לא בצומת,עיגון מדויק,4,0,,1,,,,,
2009,ינואר,ראשון,יום,קלה,התנגשות חזית בצד,0,0,0,0,2,0,2,2,2,לא-עירונית לא בצומת,עיגון מדויק,4,0,,1,,,,,
2009,יוני,שבת,לילה,קשה,התנגשות עם עצם דומם,0,1,0,0,2,0,2,1,1,לא-עירונית לא בצומת,עיגון מדויק,4,0,,2,,,,,
2009,דצמבר,שבת,יום,קשה,החלקה,0,1,0,0,1,0,1,1,1,לא-עירונית לא בצומת,עיגון מדויק,4,0,,1,,,,,
2010,יולי,רביעי,יום,קטלנית,התנגשות חזית בחזית,1,0,0,0,1,0,1,2,2,לא-עירונית לא בצומת,עיגון מדויק,4,0,,1,,,,,
2010,יוני,שבת,יום,קשה,התנגשות חזית בחזית,0,1,0,0,4,0,4,3,3,לא-עירונית לא בצומת,עיגון מדויק,4,0,,1,,,,,
2010,אוקטובר,ראשון,לילה,קטלנית,התנגשות חזית בצד,2,0,0,0,17,0,17,2,2,לא-עירונית לא בצומת,עיגון מדויק,4,0,,1,,,,,
2010,אפריל,ראשון,לילה,קלה,התנגשות עם עצם דומם,0,0,0,8,3,0,11,3,3,לא-עירונית לא בצומת,עיגון מדויק,4,0,,1,,,,,
2010,נובמבר,חמישי,לילה,קלה,התנגשות חזית באחור,0,0,0,0,0,2,2,2,2,לא-עירונית לא בצומת,עיגון מדויק,4,0,,1,,,,,
2010,אוקטובר,שבת,לילה,קלה,התנגשות עם עצם דומם,0,0,0,0,1,0,1,1,1,לא-עירונית לא בצומת,עיגון מדויק,4,0,,1,,,,,
2010,אוקטובר,שלישי,יום,קלה,התנגשות חזית בצד,0,0,0,0,2,0,2,2,2,לא-עירונית לא בצומת,עיגון מדויק,4,0,,1,,,,,
2010,פברואר,חמישי,לילה,קלה,התנגשות חזית בצד,0,0,0,1,3,0,4,2,2,לא-עירונית לא בצומת,עיגון מדויק,4,0,,1,,,,,
2010,אוגוסט,רביעי,לילה,קשה,פגיעה בהולך רגל,0,3,3,2,1,0,3,1,1,לא-עירונית לא בצומת,עיגון מדויק,4,0,,2,,,,,
2010,יולי,שישי,יום,קלה,התנגשות חזית בצד,0,0,0,0,2,0,2,4,4,לא-עירונית לא בצומת,עיגון מדויק,4,0,,3,,,,,
2010,ינואר,שבת,לילה,קשה,התנגשות חזית בחזית,0,2,0,3,2,0,5,2,2,לא-עירונית לא בצומת,עיגון מדויק,4,0,,1,,,,,
2010,מאי,שבת,יום,קשה,התנגשות חזית בצד,0,1,0,0,1,0,1,2,2,לא-עירונית לא בצומת,עיגון מדויק,4,0,,1,,,,,
2010,ינואר,שבת,יום,קלה,התנגשות חזית באחור,0,0,0,0,1,0,1,2,2,לא-עירונית לא בצומת,עיגון מדויק,4,0,,3,,,,,
2010,מאי,שישי,לילה,קשה,פגיעה בהולך רגל,0,1,1,0,2,0,2,1,1,לא-עירונית לא בצומת,עיגון מדויק,4,0,,2,,,,,
2010,נובמבר,חמישי,לילה,קשה,ירידה מהכביש או עלייה למדרכה,0,1,0,0,1,0,1,1,1,לא-עירונית לא בצומת,עיגון מדויק,4,0,,1,,,,,
2010,יולי,חמישי,לילה,קלה,התנגשות חזית באחור,0,0,0,0,3,0,3,2,2,לא-עירונית לא בצומת,עיגון מדויק,4,0,,1,,,,,
2010,דצמבר,שבת,יום,קשה,התנגשות צד בצד,0,1,0,0,1,0,1,2,2,לא-עירונית לא בצומת,עיגון מדויק,4,0,,1,,,,,
2010,נובמבר,שבת,יום,קלה,התנגשות חזית בצד,0,0,0,0,1,0,1,2,2,לא-עירונית לא בצומת,עיגון מדויק,4,0,,1,,,,,
2010,מרס,רביעי,לילה,קלה,התנגשות חזית בצד,0,0,0,0,1,0,1,2,2,לא-עירונית לא בצומת,עיגון מדויק,4,0,,1,,,,,
2010,ספטמבר,ראשון,לילה,קשה,התנגשות חזית בצד,0,5,0,3,2,0,5,2,2,לא-עירונית לא בצומת,עיגון מדויק,4,0,,2,,,,,
2010,פברואר,שלישי,לילה,קטלנית,התנגשות חזית בחזית,3,3,0,0,7,0,7,2,2,לא-עירונית לא בצומת,עיגון מדויק,4,0,,3,,,,,
2010,אוקטובר,שני,יום,קלה,התנגשות חזית בצד,0,0,0,0,1,0,1,2,2,לא-עירונית בצומת,עיגון מדויק,3,0,,12,,,,,
2010,מרס,חמישי,יום,קלה,התנגשות חזית בצד,0,0,0,0,2,0,2,2,2,לא-עירונית בצומת,עיגון מדויק,3,0,,12,,,,,
2010,פברואר,חמישי,יום,קלה,התנגשות חזית בצד,0,0,0,0,1,0,1,2,2,לא-עירונית בצומת,עיגון מדויק,3,0,,12,,,,,
2010,מרס,חמישי,יום,קשה,התנגשות חזית בצד,0,1,0,3,3,2,8,3,3,לא-עירונית בצומת,עיגון מדויק,3,0,,12,,,,,
2010,דצמבר,שבת,לילה,קלה,התנגשות חזית בצד,0,0,0,0,3,0,3,2,2,לא-עירונית בצומת,עיגון מדויק,3,0,,12,,,,,
2010,אפריל,חמישי,יום,קלה,התנגשות חזית בצד,0,0,0,0,1,0,1,2,2,לא-עירונית בצומת,עיגון מדויק,3,0,,12,,,,,
2010,יולי,שני,יום,קלה,התנגשות חזית בצד,0,0,0,0,3,0,3,2,2,לא-עירונית בצומת,עיגון מדויק,3,0,,12,,,,,
2010,ינואר,חמישי,לילה,קשה,פגיעה בהולך רגל,0,1,1,0,1,0,1,1,1,לא-עירונית בצומת,עיגון מדויק,3,0,,4,,,,,
2010,יולי,חמישי,לילה,קלה,התנגשות חזית בצד,0,0,0,0,3,0,3,3,3,לא-עירונית בצומת,עיגון מדויק,3,0,,4,,,,,
2010,יוני,רביעי,לילה,קלה,התנגשות חזית בצד,0,0,0,3,6,0,9,2,2,לא-עירונית בצומת,עיגון מדויק,3,0,,4,,,,,
2010,אפריל,חמישי,לילה,קלה,התנגשות חזית בצד,0,0,0,0,1,0,1,2,2,לא-עירונית בצומת,עיגון מדויק,3,0,,4,,,,,
2010,אוקטובר,ראשון,יום,קלה,התנגשות חזית בצד,0,0,0,0,1,0,1,2,2,לא-עירונית בצומת,עיגון מדויק,3,0,,12,,,,,
2010,אוגוסט,שבת,יום,קלה,התנגשות חזית בצד,0,0,0,1,6,0,7,2,2,לא-עירונית בצומת,עיגון מדויק,3,0,,12,,,,,
2010,אוקטובר,שלישי,לילה,קלה,התנגשות חזית בצד,0,0,0,0,2,0,2,2,2,לא-עירונית בצומת,עיגון מדויק,3,0,,1,,,,,
2010,מרס,חמישי,יום,קלה,התנגשות חזית בצד,0,0,0,0,1,0,1,2,2,לא-עירונית בצומת,עיגון מדויק,3,0,,12,,,,,
2010,יולי,שבת,יום,קלה,התנגשות חזית בצד,0,0,0,2,3,0,5,2,2,לא-עירונית בצומת,עיגון מדויק,3,0,,12,,,,,
2010,דצמבר,רביעי,לילה,קלה,התנגשות חזית בצד,0,0,0,0,2,0,2,2,2,לא-עירונית בצומת,עיגון מדויק,3,0,,1,,,,,
2010,אוגוסט,שישי,יום,קשה,פגיעה בהולך רגל,0,1,1,0,1,0,1,1,1,לא-עירונית בצומת,עיגון מדויק,3,0,,12,,,,,
2010,אוגוסט,רביעי,יום,קלה,התנגשות חזית בחזית,0,0,0,0,2,0,2,2,2,לא-עירונית בצומת,עיגון מדויק,3,0,,1,,,,,
2010,ינואר,שלישי,לילה,קלה,התנגשות חזית בצד,0,0,0,0,2,0,2,2,2,לא-עירונית לא בצומת,עיגון מדויק,4,0,,1,,,,,
2010,נובמבר,שבת,לילה,קלה,החלקה,0,0,0,0,1,0,1,1,1,לא-עירונית לא בצומת,עיגון מדויק,4,0,,1,,,,,
2010,יוני,שני,לילה,קשה,התנגשות חזית בצד,0,1,0,1,1,0,2,2,2,לא-עירונית לא בצומת,עיגון מדויק,4,0,,1,,,,,
2010,אוקטובר,חמישי,יום,קלה,התנגשות צד בצד,0,0,0,0,0,2,2,2,2,לא-עירונית לא בצומת,עיגון מדויק,4,0,,1,,,,,
2010,אפריל,שבת,לילה,קשה,התנגשות חזית באחור,0,1,0,4,7,0,11,3,3,לא-עירונית לא בצומת,עיגון מדויק,4,0,,1,,,,,
2010,אוגוסט,חמישי,יום,קלה,התנגשות חזית בצד,0,0,0,0,2,0,2,2,2,לא-עירונית לא בצומת,עיגון מדויק,4,0,,1,,,,,
2010,נובמבר,רביעי,לילה,קלה,התנגשות עם עצם דומם,0,0,0,1,2,0,3,1,1,לא-עירונית לא בצומת,עיגון מדויק,4,0,,1,,,,,
2010,יולי,שבת,יום,קשה,החלקה,0,1,0,0,1,0,1,1,1,לא-עירונית לא בצומת,עיגון מדויק,4,0,,1,,,,,
2010,ינואר,שבת,יום,קלה,התנגשות חזית בחזית,0,0,0,0,5,0,5,2,2,לא-עירונית לא בצומת,עיגון מדויק,4,0,,1,,,,,
2010,אוקטובר,רביעי,יום,קטלנית,אחר,2,0,0,0,2,0,2,2,2,לא-עירונית לא בצומת,עיגון מדויק,4,0,,1,,,,,
2010,יוני,שבת,יום,קטלנית,פגיעה בהולך רגל,1,0,1,0,1,0,1,1,1,לא-עירונית לא בצומת,עיגון מדויק,4,0,,1,,,,,
2010,נובמבר,ראשון,יום,קשה,התנגשות עם עצם דומם,0,1,0,0,1,0,1,1,1,לא-עירונית לא בצומת,עיגון מדויק,4,0,,1,,,,,
2010,ספטמבר,חמישי,יום,קלה,התנגשות חזית באחור,0,0,0,0,1,1,2,2,2,לא-עירונית לא בצומת,עיגון מדויק,4,0,,1,,,,,
2010,אוקטובר,שלישי,יום,קלה,התנגשות חזית בצד,0,0,0,0,0,1,1,2,2,לא-עירונית בצומת,עיגון מדויק,3,0,,1,,,,,
2010,יולי,שישי,יום,קלה,התנגשות חזית בצד,0,0,0,2,2,1,5,2,2,לא-עירונית בצומת,עיגון מדויק,3,0,,9,,,,,
2010,יוני,רביעי,יום,קלה,התנגשות חזית בצד,0,0,0,0,2,0,2,2,2,לא-עירונית בצומת,עיגון מדויק,3,0,,9,,,,,
2010,דצמבר,שלישי,לילה,קלה,התנגשות חזית בצד,0,0,0,0,3,0,3,2,2,לא-עירונית בצומת,עיגון מדויק,3,0,,6,,,,,
2010,נובמבר,שישי,לילה,קלה,התנגשות חזית בצד,0,0,0,0,3,0,3,2,2,לא-עירונית בצומת,עיגון מדויק,3,0,,1,,,,,
2010,ספטמבר,רביעי,לילה,קלה,התנגשות חזית בחזית,0,0,0,1,0,0,1,2,2,לא-עירונית בצומת,עיגון מדויק,3,0,,2,,,,,
2010,אוגוסט,שישי,יום,קלה,התנגשות חזית בצד,0,0,0,0,3,0,3,2,2,לא-עירונית בצומת,עיגון מדויק,3,0,,9,,,,,
2010,אפריל,ראשון,יום,קלה,התנגשות חזית בצד,0,0,0,3,5,0,8,3,3,לא-עירונית בצומת,עיגון מדויק,3,0,,1,,,,,
2011,ספטמבר,שני,לילה,קלה,התנגשות חזית בצד,0,0,0,1,0,0,1,2,2,לא-עירונית בצומת,עיגון מדויק,3,0,,6,,,,,
2011,נובמבר,שישי,לילה,קלה,התנגשות חזית בצד,0,0,0,0,2,0,2,2,2,לא-עירונית בצומת,עיגון מדויק,3,0,,6,,,,,
2011,יולי,שישי,יום,קלה,התנגשות חזית בצד,0,0,0,0,1,0,1,2,2,לא-עירונית בצומת,עיגון מדויק,3,0,,9,,,,,
2011,דצמבר,חמישי,לילה,קלה,התנגשות חזית בצד,0,0,0,0,1,0,1,2,2,לא-עירונית בצומת,עיגון מדויק,3,0,,9,,,,,
2011,דצמבר,רביעי,יום,קלה,התנגשות חזית בצד,0,0,0,1,0,1,2,2,2,לא-עירונית בצומת,עיגון מדויק,3,0,,9,,,,,
2011,פברואר,חמישי,לילה,קלה,התנגשות חזית בצד,0,0,0,2,3,0,5,2,2,לא-עירונית בצומת,עיגון מדויק,3,0,,9,,,,,
2011,אפריל,חמישי,יום,קלה,התנגשות חזית בצד,0,0,0,0,2,0,2,2,2,לא-עירונית בצומת,עיגון מדויק,3,0,,9,,,,,
2011,מאי,שבת,יום,קלה,התנגשות חזית בצד,0,0,0,0,2,0,2,2,2,לא-עירונית בצומת,עיגון מדויק,3,0,,9,,,,,
2011,ספטמבר,שלישי,לילה,קטלנית,התנגשות עם עצם דומם,1,2,0,1,2,0,3,1,1,לא-עירונית בצומת,עיגון מדויק,3,0,,2,,,,,
2011,דצמבר,שישי,לילה,קלה,התנגשות חזית בצד,0,0,0,0,4,0,4,2,2,לא-עירונית בצומת,עיגון מדויק,3,0,,6,,,,,
2011,יולי,ראשון,לילה,קלה,התנגשות חזית בצד,0,0,0,0,1,0,1,2,2,לא-עירונית בצומת,עיגון מדויק,3,0,,6,,,,,
2011,ינואר,רביעי,לילה,קשה,פגיעה בהולך רגל,0,1,1,0,1,0,1,1,1,לא-עירונית בצומת,עיגון מדויק,3,0,,6,,,,,
2011,ינואר,חמישי,יום,קלה,התנגשות חזית בחזית,0,0,0,0,2,1,3,3,3,לא-עירונית לא בצומת,עיגון מדויק,4,0,,1,,,,,
2011,מאי,רביעי,לילה,קלה,התנגשות חזית באחור,0,0,0,1,9,0,10,4,4,לא-עירונית לא בצומת,עיגון מדויק,4,0,,2,,,,,
2011,דצמבר,שלישי,יום,קלה,התנגשות חזית בצד,0,0,0,0,2,0,2,2,2,לא-עירונית לא בצומת,עיגון מדויק,4,0,,2,,,,,
2011,יולי,חמישי,לילה,קשה,התהפכות,0,1,0,0,2,0,2,1,1,לא-עירונית לא בצומת,עיגון מדויק,4,0,,1,,,,,
2011,ינואר,שני,יום,קטלנית,התנגשות חזית בצד,1,0,0,0,3,0,3,2,2,לא-עירונית לא בצומת,עיגון מדויק,4,0,,1,,,,,
2011,נובמבר,חמישי,יום,קשה,התנגשות חזית בחזית,0,1,0,0,3,0,3,3,3,לא-עירונית לא בצומת,עיגון מדויק,4,0,,1,,,,,
2011,מרס,שישי,לילה,קשה,התהפכות,0,1,0,0,1,0,1,1,1,לא-עירונית לא בצומת,עיגון מדויק,4,0,,1,,,,,
2011,ינואר,רביעי,יום,קשה,התנגשות חזית בחזית,0,1,0,0,2,0,2,2,2,לא-עירונית לא בצומת,עיגון מדויק,4,0,,1,,,,,
2011,אוגוסט,שלישי,יום,קלה,התנגשות חזית בצד,0,0,0,1,0,0,1,2,2,לא-עירונית לא בצומת,עיגון מדויק,4,0,,1,,,,,
2011,ינואר,רביעי,לילה,קלה,התנגשות חזית בחזית,0,0,0,0,2,0,2,3,3,לא-עירונית לא בצומת,מרכז דרך,4,0,,1,,,,,
2011,אוקטובר,רביעי,יום,קלה,התנגשות חזית בצד,0,0,0,0,2,0,2,2,2,לא-עירונית לא בצומת,עיגון מדויק,4,0,,2,,,,,
2011,יולי,שישי,לילה,קלה,התנגשות חזית בחזית,0,0,0,0,1,0,1,2,2,לא-עירונית לא בצומת,עיגון מדויק,4,0,,1,,,,,
2011,ינואר,שישי,יום,קטלנית,החלקה,1,0,0,0,1,0,1,1,1,לא-עירונית לא בצומת,עיגון מדויק,4,0,,1,,,,,
2011,דצמבר,שבת,לילה,קטלנית,התהפכות,1,0,0,0,3,0,3,1,1,לא-עירונית לא בצומת,עיגון מדויק,4,0,,1,,,,,
2011,פברואר,שני,יום,קלה,התנגשות חזית בצד,0,0,0,0,5,0,5,2,2,לא-עירונית לא בצומת,עיגון מדויק,4,0,,1,,,,,
2011,יולי,שלישי,יום,קשה,התנגשות חזית בצד,0,2,0,0,3,2,5,2,2,לא-עירונית לא בצומת,עיגון מדויק,4,0,,2,,,,,
2011,יולי,ראשון,לילה,קלה,התנגשות חזית בצד,0,0,0,4,2,0,6,2,2,לא-עירונית לא בצומת,עיגון מדויק,4,0,,1,,,,,
2011,מאי,שבת,יום,קלה,התנגשות חזית באחור,0,0,0,0,1,0,1,2,2,לא-עירונית לא בצומת,עיגון מדויק,4,0,,1,,,,,
2011,מאי,שבת,יום,קלה,התנגשות חזית בחזית,0,0,0,1,3,0,4,2,2,לא-עירונית בצומת,עיגון מדויק,3,0,,2,,,,,
2011,יוני,שלישי,יום,קלה,התנגשות חזית בצד,0,0,0,0,2,0,2,2,2,לא-עירונית בצומת,עיגון מדויק,3,0,,4,,,,,
2011,פברואר,ראשון,יום,קלה,התנגשות חזית בצד,0,0,0,1,2,0,3,2,2,לא-עירונית בצומת,עיגון מדויק,3,0,,1,,,,,
2011,מרס,שני,לילה,קשה,התנגשות חזית בחזית,0,1,0,0,2,0,2,2,2,לא-עירונית בצומת,עיגון מדויק,3,0,,1,,,,,
2011,פברואר,שני,לילה,קלה,התנגשות חזית בצד,0,0,0,0,1,0,1,2,2,לא-עירונית בצומת,עיגון מדויק,3,0,,4,,,,,
2011,מאי,רביעי,יום,קלה,התנגשות חזית בצד,0,0,0,0,3,0,3,2,2,לא-עירונית בצומת,עיגון מדויק,3,0,,4,,,,,
2011,ספטמבר,שבת,יום,קלה,התנגשות חזית בצד,0,0,0,0,5,0,5,2,2,לא-עירונית בצומת,עיגון מדויק,3,0,,2,,,,,
2012,מאי,חמישי,יום,קלה,התנגשות חזית בצד,0,0,0,0,1,0,1,2,2,לא-עירונית בצומת,עיגון מדויק,3,0,,4,,,,,
2012,יולי,שני,לילה,קשה,התנגשות חזית באחור,0,1,0,0,1,0,1,2,2,לא-עירונית לא בצומת,עיגון מדויק,4,0,,1,,,,,
2012,פברואר,שלישי,יום,קשה,פגיעה בנוסע בתוך כלי הרכב,0,1,0,0,1,0,1,1,1,לא-עירונית לא בצומת,עיגון מדויק,4,0,,1,,,,,
2012,ינואר,חמישי,יום,קלה,התנגשות חזית בחזית,0,0,0,0,2,0,2,2,2,לא-עירונית לא בצומת,עיגון מדויק,4,0,,1,,,,,
2012,ינואר,שני,יום,קלה,התנגשות צד בצד,0,0,0,0,1,0,1,2,2,לא-עירונית לא בצומת,עיגון מדויק,4,0,,1,,,,,
2012,דצמבר,שבת,יום,קשה,ירידה מהכביש או עלייה למדרכה,0,1,0,0,1,0,1,1,1,לא-עירונית לא בצומת,עיגון מדויק,4,0,,1,,,,,
2012,נובמבר,חמישי,לילה,קשה,התנגשות חזית בחזית,0,1,0,0,2,0,2,2,2,לא-עירונית לא בצומת,עיגון מדויק,4,0,,1,,,,,
2012,אפריל,חמישי,לילה,קלה,התנגשות חזית בצד,0,0,0,0,4,0,4,2,2,לא-עירונית לא בצומת,עיגון מדויק,4,0,,1,,,,,
2012,מרס,שלישי,לילה,קשה,התהפכות,0,1,0,0,2,0,2,1,1,לא-עירונית לא בצומת,עיגון מדויק,4,0,,1,,,,,
2012,אוקטובר,חמישי,לילה,קשה,התנגשות חזית בצד,0,2,0,2,0,0,2,2,2,לא-עירונית לא בצומת,עיגון מדויק,4,0,,1,,,,,
2012,יוני,שבת,יום,קטלנית,התנגשות חזית בחזית,1,0,0,0,3,0,3,2,2,לא-עירונית לא בצומת,עיגון מדויק,4,0,,1,,,,,
2012,מרס,ראשון,יום,קלה,התנגשות חזית בצד,0,0,0,2,1,0,3,2,2,לא-עירונית לא בצומת,עיגון מדויק,4,0,,1,,,,,
2012,אוקטובר,רביעי,יום,קלה,התנגשות חזית בחזית,0,0,0,0,0,0,1,2,2,לא-עירונית לא בצומת,עיגון מדויק,4,0,,1,,,,,
2012,אפריל,שבת,לילה,קלה,התנגשות חזית בצד,0,0,0,4,3,0,7,2,2,לא-עירונית לא בצומת,עיגון מדויק,4,0,,1,,,,,
2012,יוני,שלישי,יום,קלה,התנגשות חזית בצד,0,0,0,0,1,0,1,2,2,לא-עירונית לא בצומת,עיגון מדויק,4,0,,1,,,,,
2012,יוני,חמישי,יום,קלה,התנגשות צד בצד,0,0,0,2,3,0,5,3,3,לא-עירונית לא בצומת,עיגון מדויק,4,0,,1,,,,,
2012,ספטמבר,שישי,לילה,קלה,התנגשות חזית בחזית,0,0,0,0,0,0,1,2,2,לא-עירונית לא בצומת,עיגון מדויק,4,0,,1,,,,,
2012,אוגוסט,שני,יום,קטלנית,התנגשות חזית באחור,1,2,0,2,8,0,10,7,7,לא-עירונית לא בצומת,עיגון מדויק,4,0,,1,,,,,
2012,יוני,ראשון,יום,קלה,התנגשות חזית בצד,0,0,0,0,5,0,5,2,2,לא-עירונית לא בצומת,עיגון מדויק,4,0,,1,,,,,
2012,יולי,שישי,יום,קשה,התנגשות חזית בחזית,0,3,0,1,4,0,5,2,2,לא-עירונית בצומת,עיגון מדויק,3,0,,1,,,,,
2012,דצמבר,שני,לילה,קלה,התנגשות חזית בצד,0,0,0,0,0,0,1,2,2,לא-עירונית בצומת,עיגון מדויק,3,0,,7,,,,,
2012,נובמבר,שישי,לילה,קלה,התנגשות חזית בצד,0,0,0,2,3,0,5,2,2,לא-עירונית בצומת,עיגון מדויק,3,0,,7,,,,,
2012,דצמבר,שני,לילה,קלה,התנגשות חזית בצד,0,0,0,0,1,0,1,2,2,לא-עירונית בצומת,עיגון מדויק,3,0,,7,,,,,
2012,אוגוסט,שישי,יום,קלה,התנגשות חזית בצד,0,0,0,3,3,0,6,2,2,לא-עירונית בצומת,עיגון מדויק,3,0,,1,,,,,
2012,דצמבר,ראשון,לילה,קלה,התנגשות חזית בצד,0,0,0,0,4,0,4,2,2,לא-עירונית בצומת,עיגון מדויק,3,0,,1,,,,,
2012,אוקטובר,שישי,לילה,קלה,התנגשות חזית באחור,0,0,0,0,1,0,1,2,2,לא-עירונית בצומת,עיגון מדויק,3,0,,7,,,,,
2012,דצמבר,שישי,לילה,קלה,התנגשות חזית בצד,0,0,0,0,1,0,1,2,2,לא-עירונית בצומת,עיגון מדויק,3,0,,7,,,,,
2012,מאי,חמישי,לילה,קלה,התנגשות חזית בחזית,0,0,0,2,2,0,4,2,2,לא-עירונית בצומת,עיגון מדויק,3,0,,7,,,,,
2012,אוגוסט,שישי,יום,קשה,אחר,0,1,0,0,1,0,1,1,1,לא-עירונית בצומת,עיגון מדויק,3,0,,1,,,,,
2012,אוגוסט,שישי,יום,קלה,התנגשות חזית בצד,0,0,0,2,0,1,3,2,2,לא-עירונית בצומת,עיגון מדויק,3,0,,7,,,,,
2012,ספטמבר,ראשון,יום,קלה,התנגשות חזית בחזית,0,0,0,0,9,0,9,3,3,לא-עירונית לא בצומת,עיגון מדויק,4,0,,1,,,,,
2012,ספטמבר,חמישי,יום,קלה,התנגשות חזית בצד,0,0,0,0,2,0,2,2,2,לא-עירונית לא בצומת,עיגון מדויק,4,0,,3,,,,,
2012,פברואר,חמישי,יום,קלה,התנגשות חזית בחזית,0,0,0,0,1,0,1,2,2,לא-עירונית לא בצומת,עיגון מדויק,4,0,,1,,,,,
2012,יולי,שישי,יום,קשה,התנגשות חזית בחזית,0,1,0,0,5,0,5,2,2,לא-עירונית לא בצומת,עיגון מדויק,4,0,,1,,,,,
2012,יוני,שישי,יום,קלה,התנגשות חזית בצד,0,0,0,0,2,0,2,2,2,לא-עירונית לא בצומת,עיגון מדויק,4,0,,1,,,,,
2012,פברואר,רביעי,יום,קטלנית,התנגשות עם עצם דומם,1,0,0,0,1,0,1,1,1,לא-עירונית לא בצומת,עיגון מדויק,4,0,,2,,,,,
2012,אוגוסט,שני,יום,קלה,התנגשות חזית באחור,0,0,0,0,3,0,3,3,3,לא-עירונית לא בצומת,עיגון מדויק,4,0,,1,,,,,
2012,יולי,רביעי,יום,קשה,ירידה מהכביש או עלייה למדרכה,0,1,0,0,1,0,1,1,1,לא-עירונית לא בצומת,עיגון מדויק,4,0,,1,,,,,
2012,ינואר,ראשון,יום,קלה,התנגשות צד בצד,0,0,0,0,3,1,4,2,2,לא-עירונית לא בצומת,עיגון מדויק,4,0,,2,,,,,
2012,נובמבר,שלישי,לילה,קשה,החלקה,0,1,0,1,1,0,2,1,1,לא-עירונית לא בצומת,עיגון מדויק,4,0,,1,,,,,
2012,אוגוסט,חמישי,יום,קשה,התנגשות חזית בצד,0,1,0,1,1,0,2,2,2,לא-עירונית לא בצומת,עיגון מדויק,4,0,,3,,,,,
2012,יולי,שלישי,יום,קלה,התנגשות צד בצד,0,0,0,2,0,0,2,3,3,לא-עירונית לא בצומת,עיגון מדויק,4,0,,2,,,,,
2012,יוני,שישי,יום,קשה,התהפכות,0,1,0,0,1,0,1,1,1,לא-עירונית לא בצומת,עיגון מדויק,4,0,,1,,,,,
2012,יולי,שבת,לילה,קשה,פגיעה בהולך רגל,0,1,1,0,0,1,1,2,2,לא-עירונית לא בצומת,עיגון מדויק,4,0,,3,,,,,
2012,יוני,חמישי,יום,קלה,התנגשות חזית בצד,0,0,0,0,1,1,2,2,2,לא-עירונית בצומת,עיגון מדויק,3,0,,2,,,,,
2012,ספטמבר,רביעי,לילה,קשה,התנגשות חזית בצד,0,1,0,0,2,0,2,2,2,לא-עירונית בצומת,עיגון מדויק,3,0,,8,,,,,
2012,יוני,שני,יום,קלה,התנגשות חזית בצד,0,0,0,0,3,0,3,2,2,לא-עירונית בצומת,עיגון מדויק,3,0,,1,,,,,
2012,ינואר,שלישי,יום,קלה,התנגשות חזית בצד,0,0,0,0,2,0,2,2,2,לא-עירונית בצומת,עיגון מדויק,3,0,,8,,,,,
2012,נובמבר,שני,לילה,קלה,התנגשות חזית בחזית,0,0,0,1,2,0,3,2,2,לא-עירונית בצומת,עיגון מדויק,3,0,,8,,,,,
2013,יולי,רביעי,יום,קלה,התנגשות חזית בצד,0,0,0,0,2,0,2,2,2,לא-עירונית בצומת,עיגון מדויק,3,0,,1,,,,,
2013,אוגוסט,ראשון,יום,קלה,התנגשות חזית בצד,0,0,0,0,4,0,4,2,2,לא-עירונית בצומת,עיגון מדויק,3,0,,2,,,,,
2013,ינואר,שני,לילה,קשה,התנגשות חזית באחור,0,1,0,0,2,0,2,2,2,לא-עירונית בצומת,עיגון מדויק,3,0,,8,,,,,
2013,אוקטובר,שלישי,יום,קלה,התנגשות חזית בצד,0,0,0,0,3,0,3,2,2,לא-עירונית בצומת,עיגון מדויק,3,0,,8,,,,,
2013,ספטמבר,חמישי,לילה,קשה,התנגשות צד בצד,0,2,0,0,6,0,6,2,2,לא-עירונית בצומת,עיגון מדויק,3,0,,1,,,,,
2013,דצמבר,שלישי,לילה,קשה,אחר,0,1,0,2,1,0,3,1,1,לא-עירונית בצומת,עיגון מדויק,3,0,,1,,,,,
2013,ינואר,שישי,יום,קלה,התנגשות חזית בצד,0,0,0,0,1,0,1,2,2,לא-עירונית בצומת,עיגון מדויק,3,0,,8,,,,,
2013,ינואר,רביעי,יום,קלה,התנגשות חזית בצד,0,0,0,1,4,0,5,3,3,לא-עירונית בצומת,עיגון מדויק,3,0,,8,,,,,
2013,ינואר,שלישי,יום,קלה,התנגשות חזית בצד,0,0,0,0,3,0,3,2,2,לא-עירונית בצומת,עיגון מדויק,3,0,,8,,,,,
2013,ינואר,שישי,יום,קשה,התנגשות חזית בצד,0,1,0,0,1,0,1,2,2,לא-עירונית בצומת,עיגון מדויק,3,0,,1,,,,,
2013,מאי,שבת,יום,קשה,התהפכות,0,1,0,0,1,0,1,1,1,לא-עירונית לא בצומת,עיגון מדויק,4,0,,1,,,,,
2013,אפריל,חמישי,יום,קלה,התנגשות חזית באחור,0,0,0,0,2,0,2,2,2,לא-עירונית לא בצומת,עיגון מדויק,4,0,,1,,,,,
2013,אפריל,שני,יום,קשה,החלקה,0,1,0,0,1,0,1,1,1,לא-עירונית לא בצומת,עיגון מדויק,4,0,,1,,,,,
2013,מרס,שבת,יום,קשה,התנגשות חזית בחזית,0,2,0,0,2,2,4,2,2,לא-עירונית לא בצומת,עיגון מדויק,4,0,,1,,,,,
2013,פברואר,ראשון,לילה,קשה,פגיעה בהולך רגל,0,1,1,1,0,0,1,1,1,לא-עירונית לא בצומת,עיגון מדויק,4,0,,1,,,,,
2013,ספטמבר,שבת,יום,קלה,התנגשות חזית בחזית,0,0,0,0,2,0,2,2,2,לא-עירונית לא בצומת,עיגון מדויק,4,0,,1,,,,,
2013,פברואר,חמישי,יום,קלה,התנגשות חזית בחזית,0,0,0,0,3,0,3,2,2,לא-עירונית לא בצומת,עיגון מדויק,4,0,,1,,,,,
2013,מאי,רביעי,לילה,קלה,התנגשות חזית בחזית,0,0,0,0,4,0,4,2,2,לא-עירונית לא בצומת,עיגון מדויק,4,0,,1,,,,,
2013,אפריל,חמישי,לילה,קשה,התנגשות חזית באחור,0,1,0,1,2,0,3,2,2,לא-עירונית לא בצומת,עיגון מדויק,4,0,,1,,,,,
2013,מרס,שישי,לילה,קלה,התנגשות צד בצד,0,0,0,3,2,0,5,2,2,לא-עירונית לא בצומת,עיגון מדויק,4,0,,1,,,,,
2013,אפריל,שישי,יום,קטלנית,התהפכות,1,0,0,0,1,0,1,1,1,לא-עירונית לא בצומת,עיגון מדויק,4,0,,1,,,,,
2013,מאי,שבת,יום,קטלנית,התנגשות חזית בחזית,1,0,0,0,2,0,2,2,2,לא-עירונית לא בצומת,עיגון מדויק,4,0,,1,,,,,
2013,אוקטובר,ראשון,לילה,קלה,התנגשות חזית בצד,0,0,0,0,4,0,4,3,3,לא-עירונית בצומת,עיגון מדויק,3,0,,1,,,,,
2013,אפריל,שלישי,לילה,קלה,התנגשות חזית בצד,0,0,0,0,3,0,3,3,3,לא-עירונית בצומת,עיגון מדויק,3,0,,3,,,,,
2013,אפריל,רביעי,יום,קלה,התנגשות צד בצד,0,0,0,3,1,0,4,2,2,לא-עירונית בצומת,עיגון מדויק,3,0,,1,,,,,
2013,ספטמבר,ראשון,לילה,קלה,התנגשות חזית בצד,0,0,0,0,0,0,1,2,2,לא-עירונית בצומת,עיגון מדויק,3,0,,3,,,,,
2013,יוני,רביעי,יום,קלה,התנגשות חזית בצד,0,0,0,0,1,1,2,2,2,לא-עירונית בצומת,עיגון מדויק,3,0,,1,,,,,
2013,אפריל,שלישי,יום,קשה,התנגשות עם עצם דומם,0,1,0,0,1,0,1,1,1,לא-עירונית בצומת,עיגון מדויק,3,0,,1,,,,,
2013,אוגוסט,שלישי,יום,קלה,התנגשות חזית בצד,0,0,0,0,2,1,3,2,2,לא-עירונית בצומת,עיגון מדויק,3,0,,3,,,,,
2013,מאי,ראשון,לילה,קלה,התנגשות עם עצם דומם,0,0,0,0,1,0,1,1,1,לא-עירונית לא בצומת,מרכז דרך,4,0,,1,,,,,
2013,מרס,רביעי,יום,קשה,התנגשות עם עצם דומם,0,1,0,0,1,0,1,1,1,לא-עירונית לא בצומת,עיגון מדויק,4,0,,1,,,,,
2013,אפריל,חמישי,לילה,קלה,התנגשות חזית בחזית,0,0,0,0,2,0,2,2,2,לא-עירונית לא בצומת,עיגון מדויק,4,0,,1,,,,,
2013,מרס,ראשון,יום,קשה,התנגשות חזית באחור,0,2,0,3,2,2,7,2,2,לא-עירונית לא בצומת,עיגון מדויק,4,0,,1,,,,,
2013,אוקטובר,שלישי,לילה,קלה,התנגשות חזית בצד,0,0,0,0,1,0,1,2,2,לא-עירונית לא בצומת,עיגון מדויק,4,0,,2,,,,,
2013,מאי,ראשון,יום,קטלנית,התנגשות חזית בצד,1,0,0,0,2,0,2,2,2,לא-עירונית לא בצומת,עיגון מדויק,4,0,,2,,,,,
2013,מרס,שלישי,לילה,קטלנית,פגיעה בהולך רגל,1,0,1,0,1,0,1,1,1,לא-עירונית לא בצומת,עיגון מדויק,4,0,,1,,,,,
2013,ינואר,חמישי,יום,קלה,התנגשות חזית בצד,0,0,0,1,1,0,2,2,2,לא-עירונית לא בצומת,עיגון מדויק,4,0,,1,,,,,
2013,אפריל,רביעי,יום,קשה,התנגשות חזית בצד,0,1,0,0,2,0,2,2,2,לא-עירונית לא בצומת,עיגון מדויק,4,0,,1,,,,,
2013,פברואר,שלישי,יום,קטלנית,התהפכות,1,1,0,0,2,0,2,1,1,לא-עירונית לא בצומת,עיגון מדויק,4,0,,1,,,,,
2013,ינואר,שבת,לילה,קשה,פגיעה בהולך רגל,0,1,1,0,2,0,2,2,2,לא-עירונית לא בצומת,עיגון מדויק,4,0,,1,,,,,
2013,מרס,שלישי,לילה,קשה,התנגשות חזית בצד,0,1,0,0,3,0,3,2,2,לא-עירונית לא בצומת,עיגון מדויק,4,0,,1,,,,,
2013,ספטמבר,שישי,לילה,קשה,התהפכות,0,1,0,0,1,0,1,1,1,לא-עירונית לא בצומת,עיגון מדויק,4,0,,1,,,,,
,יולי,חמישי,לילה,קשה,התנגשות חזית בצד,0,1,0,0,5,0,5,2,2,לא-עירונית בצומת,עיגון מדויק,3,0,,3,31,0,60,0,0
,אוגוסט,שישי,לילה,קלה,התנגשות חזית בצד,0,0,0,0,3,0,3,2,2,לא-עירונית בצומת,עיגון מדויק,3,0,,1,31,0,0,0,0
,יולי,ראשון,לילה,קלה,התנגשות חזית בצד,0,0,0,4,8,0,12,2,2,לא-עירונית בצומת,עיגון מדויק,3,0,,3,31,0,60,0,0
,פברואר,שני,יום,קלה,התנגשות חזית באחור,0,0,0,0,2,0,2,2,2,לא-עירונית בצומת,עיגון מדויק,3,0,,1,31,0,3112,0,0
,פברואר,ראשון,יום,קלה,התנגשות חזית בצד,0,0,0,0,1,0,1,2,2,לא-עירונית בצומת,עיגון מדויק,3,0,,1,31,0,0,0,0
,מאי,שישי,יום,קלה,התנגשות חזית בצד,0,0,0,0,2,0,2,3,3,לא-עירונית בצומת,עיגון מדויק,3,0,,3,31,0,60,0,0
,ספטמבר,שבת,יום,קלה,התנגשות חזית בצד,0,0,0,0,3,1,4,2,2,לא-עירונית בצומת,עיגון מדויק,3,0,,1,31,0,0,0,0
,דצמבר,שני,לילה,קלה,התנגשות חזית בצד,0,0,0,0,0,2,2,2,2,לא-עירונית בצומת,מרכז דרך,3,0,,2,31,0,0,0,0
,מרס,שלישי,לילה,קלה,התנגשות עם עצם דומם,0,0,0,0,1,0,1,1,1,לא-עירונית לא בצומת,עיגון מדויק,4,0,,1,31,66.5,0,0,0
,אוגוסט,שישי,לילה,קלה,התנגשות חזית באחור,0,0,0,1,2,0,3,2,2,לא-עירונית לא בצומת,עיגון מדויק,4,0,,1,31,48.5,0,0,0
,אוגוסט,רביעי,לילה,קלה,ירידה מהכביש או עלייה למדרכה,0,0,0,0,0,0,1,1,1,לא-עירונית לא בצומת,עיגון מדויק,4,0,,1,31,34.1,0,0,0
,מרס,חמישי,לילה,קלה,התנגשות חזית בחזית,0,0,0,2,4,0,6,2,2,לא-עירונית לא בצומת,עיגון מדויק,4,0,,1,31,44.1,0,0,0
,נובמבר,שלישי,יום,קלה,התנגשות חזית בצד,0,0,0,0,3,0,3,2,2,לא-עירונית לא בצומת,עיגון מדויק,4,0,,1,31,15.1,0,0,0
,מרס,רביעי,יום,קלה,התנגשות חזית באחור,0,0,0,0,1,0,1,2,2,לא-עירונית לא בצומת,עיגון מדויק,4,0,,2,31,27.4,0,0,0
,נובמבר,רביעי,יום,קשה,פגיעה בהולך רגל,0,1,1,1,0,0,1,1,1,לא-עירונית לא בצומת,עיגון מדויק,4,0,,1,31,31.1,0,0,0
,פברואר,שישי,יום,קלה,פגיעה בהולך רגל,0,0,1,0,1,0,1,1,1,לא-עירונית לא בצומת,עיגון מדויק,4,0,,1,31,20.8,0,0,0
,מאי,ראשון,יום,קלה,התנגשות צד בצד,0,0,0,0,3,0,3,2,2,לא-עירונית לא בצומת,עיגון מדויק,4,0,,1,31,25.9,0,0,0
,אוקטובר,ראשון,יום,קלה,התנגשות עם עצם דומם,0,0,0,0,1,0,1,1,1,לא-עירונית לא בצומת,עיגון מדויק,4,0,,3,31,18.1,0,0,0
,אוגוסט,חמישי,יום,קלה,התהפכות,0,0,0,0,1,0,1,1,1,לא-עירונית לא בצומת,עיגון מדויק,4,0,,1,31,70.5,0,0,0
,נובמבר,חמישי,יום,קלה,התנגשות חזית בצד,0,0,0,0,1,1,2,2,2,לא-עירונית לא בצומת,עיגון מדויק,4,0,,1,31,18.4,0,0,0
,ספטמבר,רביעי,יום,קשה,פגיעה בהולך רגל,0,1,1,1,1,0,2,1,1,לא-עירונית לא בצומת,עיגון מדויק,4,0,,1,31,22.9,0,0,0
,נובמבר,שבת,יום,קטלנית,התנגשות צד בצד,1,0,0,0,1,0,1,2,2,לא-עירונית לא בצומת,עיגון מדויק,4,0,,1,31,62.4,0,0,0
,ספטמבר,שלישי,יום,קלה,התנגשות חזית בצד,0,0,0,0,2,0,2,2,2,לא-עירונית לא בצומת,עיגון מדויק,4,0,,1,31,17.1,0,0,0
,פברואר,ראשון,יום,קלה,התנגשות חזית באחור,0,0,0,0,2,0,2,2,2,לא-עירונית לא בצומת,עיגון מדויק,4,0,,1,31,13.1,0,0,0
,ספטמבר,שבת,יום,קלה,התהפכות,0,0,0,4,1,0,5,1,1,לא-עירונית לא בצומת,עיגון מדויק,4,0,,1,31,29.1,0,0,0
,יוני,שישי,יום,קשה,ירידה מהכביש או עלייה למדרכה,0,2,0,0,3,1,4,1,1,לא-עירונית לא בצומת,מרכז דרך,4,0,,2,31,6.1,0,0,0
,יוני,שישי,יום,קלה,התנגשות חזית בצד,0,0,0,5,5,0,10,2,2,לא-עירונית לא בצומת,עיגון מדויק,4,0,,1,31,19.5,0,0,0
,אוקטובר,שישי,לילה,קלה,התנגשות חזית בצד,0,0,0,0,2,0,2,2,2,לא-עירונית לא בצומת,עיגון מדויק,4,0,,3,31,18.1,0,0,0
,אפריל,חמישי,יום,קלה,התנגשות צד בצד,0,0,0,0,1,0,1,2,2,לא-עירונית לא בצומת,עיגון מדויק,4,0,,1,31,28.5,0,0,0
,פברואר,שישי,לילה,קשה,פגיעה בהולך רגל,0,1,1,0,1,0,1,1,1,לא-עירונית לא בצומת,עיגון מדויק,4,0,,1,31,19.2,0,0,0
,פברואר,שני,לילה,קלה,התנגשות חזית בצד,0,0,0,0,4,0,4,2,2,לא-עירונית לא בצומת,עיגון מדויק,4,0,,1,31,63.6,0,0,0
,פברואר,חמישי,לילה,קשה,פגיעה בהולך רגל,0,1,1,1,0,0,1,1,1,לא-עירונית לא בצומת,עיגון מדויק,4,0,,1,31,20.1,0,0,0
,מרס,ראשון,לילה,קלה,התנגשות חזית בחזית,0,0,0,1,3,0,4,5,5,לא-עירונית לא בצומת,עיגון מדויק,4,0,,2,31,27.4,0,0,0
,מאי,שלישי,לילה,קלה,התנגשות חזית בצד,0,0,0,3,1,0,4,2,2,לא-עירונית לא בצומת,עיגון מדויק,4,0,,1,31,14.5,0,0,0
,אוגוסט,שני,לילה,קטלנית,התנגשות חזית בחזית,1,2,0,2,5,0,7,4,4,לא-עירונית לא בצומת,עיגון מדויק,4,0,,1,31,17.5,0,0,0
,יולי,חמישי,לילה,קלה,התנגשות חזית בצד,0,0,0,0,8,0,8,2,2,לא-עירונית לא בצומת,עיגון מדויק,4,0,,3,31,18.1,0,0,0
,מרס,שבת,לילה,קשה,התנגשות חזית בצד,0,1,2,1,4,0,5,3,3,לא-עירונית לא בצומת,עיגון מדויק,4,0,,1,31,22.3,0,0,0
,יולי,רביעי,לילה,קלה,התהפכות,0,0,0,0,0,0,1,1,1,לא-עירונית לא בצומת,עיגון מדויק,4,0,,1,31,53.2,0,0,0
,דצמבר,רביעי,לילה,קטלנית,פגיעה בהולך רגל,1,0,1,0,1,0,1,1,1,לא-עירונית לא בצומת,עיגון מדויק,4,0,,1,31,22.2,0,0,0
,יולי,שבת,לילה,קלה,התנגשות חזית בצד,0,0,0,0,3,1,4,2,2,לא-עירונית בצומת,עיגון מדויק,3,0,,6,31,0,60,0,0
,אוגוסט,רביעי,לילה,קשה,התנגשות חזית בצד,0,1,0,1,7,0,8,3,3,לא-עירונית בצומת,עיגון מדויק,3,0,,6,31,0,60,0,0
,ינואר,רביעי,יום,קלה,התנגשות חזית בצד,0,0,0,0,0,2,2,2,2,לא-עירונית בצומת,עיגון מדויק,3,0,,3,31,0,0,0,0
,ינואר,ראשון,יום,קלה,התנגשות חזית בצד,0,0,0,0,1,0,1,2,2,לא-עירונית בצומת,עיגון מדויק,3,0,,4,31,0,0,0,0
,ינואר,רביעי,יום,קלה,התנגשות צד בצד,0,0,0,0,3,0,3,3,3,לא-עירונית בצומת,עיגון מדויק,3,0,,2,6,0,31,358,0
,מאי,שישי,יום,קלה,התנגשות חזית בצד,0,0,0,0,1,0,1,2,2,לא-עירונית בצומת,עיגון מדויק,3,0,,3,31,0,0,0,0
,יולי,שישי,יום,קלה,התנגשות חזית בצד,0,0,0,0,1,0,1,2,2,לא-עירונית בצומת,עיגון מדויק,3,0,,6,31,0,60,0,0
,פברואר,רביעי,יום,קלה,התנגשות חזית בצד,0,0,0,0,2,0,2,2,2,לא-עירונית בצומת,עיגון מדויק,3,0,,3,31,0,0,0,0
,אפריל,חמישי,יום,קלה,התנגשות חזית בצד,0,0,0,5,4,0,9,3,3,לא-עירונית בצומת,עיגון מדויק,3,0,,4,31,0,0,0,0
,אפריל,רביעי,יום,קלה,התנגשות חזית בצד,0,0,0,1,4,0,5,2,2,לא-עירונית בצומת,עיגון מדויק,3,0,,2,31,0,0,0,0
,ינואר,שלישי,יום,קלה,התנגשות חזית בצד,0,0,0,0,5,0,5,2,2,לא-עירונית בצומת,עיגון מדויק,3,0,,4,31,0,0,0,0
,יוני,שבת,יום,קלה,התנגשות חזית בצד,0,0,0,0,3,0,3,2,2,לא-עירונית בצומת,מרכז דרך,3,0,,5,31,0,0,0,0
,מרס,חמישי,יום,קלה,התנגשות חזית בחזית,0,0,0,0,3,0,3,2,2,לא-עירונית בצומת,מרכז דרך,3,0,,5,31,0,0,0,0
,נובמבר,ראשון,לילה,קלה,התנגשות חזית בצד,0,0,0,2,2,0,4,2,2,לא-עירונית בצומת,עיגון מדויק,3,0,,6,31,0,60,0,0
,אוקטובר,שבת,לילה,קלה,התנגשות חזית בצד,0,0,0,0,4,0,4,2,2,לא-עירונית בצומת,עיגון מדויק,3,0,,4,31,0,0,0,0
,מאי,רביעי,יום,קלה,התנגשות חזית בצד,0,0,0,0,5,0,5,2,2,לא-עירונית בצומת,עיגון מדויק,3,0,,2,31,0,0,0,0
,אוגוסט,שבת,יום,קלה,פגיעה בהולך רגל,0,0,1,1,0,0,1,1,1,לא-עירונית בצומת,עיגון מדויק,3,0,,1,31,0,0,0,0
,אוגוסט,שני,לילה,קלה,התנגשות חזית בצד,0,0,0,0,1,0,1,2,2,לא-עירונית בצומת,עיגון מדויק,3,0,,6,31,0,60,0,0
,מרס,רביעי,לילה,קשה,התנגשות חזית בצד,0,1,0,2,1,0,3,2,2,לא-עירונית בצומת,עיגון מדויק,3,0,,2,6,0,31,358,0
,אוגוסט,רביעי,לילה,קלה,התנגשות חזית בצד,0,0,0,0,4,1,5,2,2,לא-עירונית בצומת,מרכז דרך,3,0,,5,31,0,0,0,0
,ספטמבר,שישי,לילה,קלה,התנגשות חזית בצד,0,0,0,0,2,0,2,2,2,לא-עירונית בצומת,עיגון מדויק,3,0,,6,31,0,60,0,0
,אפריל,רביעי,לילה,קטלנית,התנגשות חזית בחזית,1,0,0,0,3,0,3,2,2,לא-עירונית לא בצומת,עיגון מדויק,4,0,,1,31,43.5,0,0,0
,אוגוסט,שישי,לילה,קלה,התהפכות,0,0,0,0,3,0,3,1,1,לא-עירונית לא בצומת,עיגון מדויק,4,0,,1,31,3.4,0,0,0
,אוקטובר,שישי,לילה,קלה,התנגשות חזית בצד,0,0,0,0,2,0,2,2,2,לא-עירונית לא בצומת,עיגון מדויק,4,0,,2,31,65.1,0,0,0
,אפריל,רביעי,לילה,קטלנית,פגיעה בהולך רגל,1,0,1,0,1,0,1,1,1,לא-עירונית לא בצומת,עיגון מדויק,4,0,,1,31,20.4,0,0,0
,אפריל,ראשון,לילה,קלה,התנגשות חזית בצד,0,0,0,0,2,0,2,2,2,לא-עירונית לא בצומת,עיגון מדויק,4,0,,1,31,16.1,0,0,0
,נובמבר,שישי,יום,קלה,התנגשות צד בצד,0,0,0,0,1,0,1,4,4,לא-עירונית לא בצומת,עיגון מדויק,4,0,,1,31,27.8,0,0,0
,מאי,חמישי,יום,קלה,התנגשות חזית באחור,0,0,0,0,2,0,2,2,2,לא-עירונית לא בצומת,עיגון מדויק,4,0,,1,31,12.5,0,0,0
,אפריל,חמישי,יום,קטלנית,פגיעה בהולך רגל,1,0,1,1,0,0,1,1,1,לא-עירונית לא בצומת,עיגון מדויק,4,0,,1,31,21.1,0,0,0
,יולי,שבת,יום,קשה,התהפכות,0,1,0,0,1,0,1,1,1,לא-עירונית לא בצומת,עיגון מדויק,4,0,,2,31,69.2,0,0,0
,יולי,שבת,יום,קלה,התהפכות,0,0,0,0,2,0,2,1,1,לא-עירונית לא בצומת,עיגון מדויק,4,0,,1,31,56.2,0,0,0
,מרס,ראשון,יום,קלה,התנגשות צד בצד,0,0,0,0,1,0,1,2,2,לא-עירונית לא בצומת,עיגון מדויק,4,0,,1,31,72.1,0,0,0
,דצמבר,ראשון,יום,קלה,התהפכות,0,0,0,0,1,0,1,1,1,לא-עירונית לא בצומת,עיגון מדויק,4,0,,1,31,53.5,0,0,0
,דצמבר,ראשון,יום,קלה,התנגשות חזית באחור,0,0,0,0,1,0,1,2,2,לא-עירונית לא בצומת,עיגון מדויק,4,0,,1,31,35.5,0,0,0
,פברואר,חמישי,יום,קשה,התנגשות חזית בצד,0,1,0,0,2,0,2,2,2,לא-עירונית לא בצומת,מרכז דרך,4,0,,5,31,9.3,0,0,0
,מרס,ראשון,יום,קלה,התנגשות חזית בחזית,0,0,0,0,2,0,2,2,2,לא-עירונית לא בצומת,עיגון מדויק,4,0,,2,31,65.1,0,0,0
,פברואר,ראשון,יום,קלה,התנגשות חזית בצד,0,0,0,1,1,0,2,2,2,לא-עירונית לא בצומת,עיגון מדויק,4,0,,1,31,35.3,0,0,0
,ספטמבר,חמישי,יום,קטלנית,פגיעה בהולך רגל,1,0,1,1,4,0,5,1,1,לא-עירונית לא בצומת,עיגון מדויק,4,0,,1,31,23.1,0,0,0
,פברואר,שישי,יום,קלה,פגיעה בהולך רגל,0,0,1,1,0,0,1,1,1,לא-עירונית לא בצומת,עיגון מדויק,4,0,,1,31,20.1,0,0,0
,אפריל,רביעי,יום,קשה,התנגשות חזית בחזית,0,1,0,2,3,0,5,2,2,לא-עירונית לא בצומת,עיגון מדויק,4,0,,1,31,45.5,0,0,0
,דצמבר,רביעי,יום,קשה,התהפכות,0,1,0,2,1,1,4,1,1,לא-עירונית לא בצומת,עיגון מדויק,4,0,,1,31,11.5,0,0,0
,ינואר,שבת,יום,קשה,פגיעה בהולך רגל,0,1,1,1,0,0,1,1,1,לא-עירונית לא בצומת,עיגון מדויק,4,0,,1,31,30.1,0,0,0
,פברואר,שישי,יום,קשה,החלקה,0,1,0,0,1,0,1,1,1,לא-עירונית לא בצומת,עיגון מדויק,4,0,,2,31,69.2,0,0,0
,יולי,חמישי,יום,קטלנית,התנגשות חזית באחור,2,0,0,0,2,0,2,2,2,לא-עירונית לא בצומת,עיגון מדויק,4,0,,1,31,32.5,0,0,0
,נובמבר,ראשון,יום,קלה,התנגשות חזית בצד,0,0,0,0,3,0,3,2,2,לא-עירונית לא בצומת,עיגון מדויק,4,0,,1,31,31.1,0,0,0
,נובמבר,שבת,לילה,קלה,התנגשות חזית בצד,0,0,0,0,2,0,2,2,2,לא-עירונית לא בצומת,עיגון מדויק,4,0,,1,31,20.5,0,0,0
,דצמבר,שני,לילה,קטלנית,התנגשות חזית באחור,1,2,0,2,4,1,7,4,4,לא-עירונית לא בצומת,מרכז קילומטר,4,0,,1,31,3,0,0,0
,אוקטובר,רביעי,לילה,קלה,התנגשות חזית בצד,0,0,0,2,6,0,8,2,2,לא-עירונית לא בצומת,מרכז דרך,4,0,,5,31,7.1,0,0,0
,דצמבר,שבת,לילה,קלה,התנגשות חזית באחור,0,0,0,2,5,0,7,2,2,לא-עירונית לא בצומת,עיגון מדויק,4,0,,2,31,18.1,0,0,0
,מאי,ראשון,יום,קלה,התנגשות חזית בצד,0,0,0,0,1,1,2,2,2,לא-עירונית לא בצומת,עיגון מדויק,4,0,,1,31,34.3,0,0,0
,אוקטובר,שישי,לילה,קלה,התנגשות חזית באחור,0,0,0,3,2,0,5,2,2,לא-עירונית לא בצומת,עיגון מדויק,4,0,,1,31,12.2,0,0,0
,ינואר,חמישי,לילה,קטלנית,התנגשות חזית בצד,2,0,0,0,2,0,2,2,2,לא-עירונית לא בצומת,עיגון מדויק,4,0,,1,31,18.2,0,0,0
,אוקטובר,שבת,לילה,קלה,התנגשות חזית בצד,0,0,0,5,4,0,9,2,2,לא-עירונית לא בצומת,עיגון מדויק,4,0,,1,31,18.5,0,0,0
,אוקטובר,רביעי,לילה,קלה,התנגשות צד בצד,0,0,0,1,4,0,5,2,2,לא-עירונית לא בצומת,עיגון מדויק,4,0,,1,31,66.2,0,0,0
,אוקטובר,שני,לילה,קלה,התנגשות חזית בחזית,0,0,0,1,1,0,2,2,2,לא-עירונית לא בצומת,עיגון מדויק,4,0,,2,31,18.1,0,0,0
,ספטמבר,חמישי,לילה,קשה,פגיעה בהולך רגל,0,1,1,1,0,0,1,1,1,לא-עירונית לא בצומת,עיגון מדויק,4,0,,1,31,19,0,0,0
,אוקטובר,שישי,לילה,קלה,התנגשות חזית באחור,0,0,0,0,1,0,1,2,2,לא-עירונית לא בצומת,עיגון מדויק,4,0,,1,31,12.8,0,0,0
,יולי,חמישי,לילה,קשה,התנגשות חזית בצד,0,1,0,0,1,0,1,2,2,לא-עירונית לא בצומת,עיגון מדויק,4,0,,1,31,19.9,0,0,0
,אפריל,שלישי,לילה,קשה,פגיעה בהולך רגל,0,1,1,1,0,0,1,1,1,לא-עירונית לא בצומת,עיגון מדויק,4,0,,1,31,3.1,0,0,0
,דצמבר,חמישי,לילה,קטלנית,התנגשות חזית בצד,1,0,0,4,4,0,8,2,2,לא-עירונית לא בצומת,עיגון מדויק,4,0,,1,31,21.5,0,0,0
,אפריל,שני,לילה,קלה,אחר,0,0,0,0,1,0,1,1,1,לא-עירונית לא בצומת,עיגון מדויק,4,0,,1,31,30.5,0,0,0
,אפריל,חמישי,לילה,קלה,התנגשות חזית בצד,0,0,0,0,4,2,6,2,2,לא-עירונית לא בצומת,עיגון מדויק,4,0,,1,31,3.8,0,0,0
,יוני,רביעי,לילה,קשה,התנגשות חזית בצד,0,1,0,2,3,0,5,2,2,לא-עירונית לא בצומת,עיגון מדויק,4,0,,1,31,31.8,0,0,0
,פברואר,שבת,לילה,קטלנית,התנגשות צד בצד,1,0,0,0,1,2,3,2,2,לא-עירונית לא בצומת,עיגון מדויק,4,0,,1,31,12.1,0,0,0
,אפריל,שישי,לילה,קלה,התנגשות עם עצם דומם,0,0,0,0,1,0,1,1,1,לא-עירונית לא בצומת,עיגון מדויק,4,0,,1,31,5.2,0,0,0
,ינואר,שישי,לילה,קשה,פגיעה בהולך רגל,0,1,1,1,1,0,2,1,1,לא-עירונית לא בצומת,עיגון מדויק,4,0,,1,31,15.8,0,0,0
,אוגוסט,שישי,לילה,קשה,התנגשות צד בצד,0,1,0,0,2,0,2,2,2,לא-עירונית לא בצומת,עיגון מדויק,4,0,,1,31,27.5,0,0,0
,אוקטובר,שבת,לילה,קלה,התנגשות עם עצם דומם,0,0,0,1,0,0,1,2,2,לא-עירונית לא בצומת,עיגון מדויק,4,0,,1,31,25.1,0,0,0
,אוגוסט,שני,יום,קלה,התנגשות חזית בצד,0,0,0,1,2,0,3,2,2,לא-עירונית בצומת,עיגון מדויק,3,0,,2,31,0,0,0,0
,ספטמבר,ראשון,יום,קלה,התנגשות חזית בצד,0,0,0,0,0,1,1,2,2,לא-עירונית בצומת,עיגון מדויק,3,0,,3,6,0,31,358,0
,אפריל,ראשון,יום,קלה,התנגשות חזית בצד,0,0,0,0,1,0,1,2,2,לא-עירונית בצומת,עיגון מדויק,3,0,,3,6,0,31,358,0
,דצמבר,שני,יום,קלה,התנגשות חזית בצד,0,0,0,0,2,0,2,2,2,לא-עירונית בצומת,עיגון מדויק,3,0,,6,31,0,60,0,0
,ינואר,שני,יום,קלה,התנגשות חזית באחור,0,0,0,0,1,0,1,3,3,לא-עירונית בצומת,עיגון מדויק,3,0,,6,31,0,60,0,0
,אפריל,שני,יום,קלה,התנגשות חזית בצד,0,0,0,0,1,0,1,2,2,לא-עירונית בצומת,עיגון מדויק,3,0,,2,31,0,0,0,0
,מרס,שני,יום,קלה,התנגשות חזית בצד,0,0,0,0,1,2,3,2,2,לא-עירונית בצומת,עיגון מדויק,3,0,,2,31,0,0,0,0
,מרס,שבת,לילה,קשה,התנגשות חזית בחזית,0,1,0,0,7,0,7,2,2,לא-עירונית בצומת,עיגון מדויק,3,0,,3,6,0,31,358,0
,פברואר,שלישי,לילה,קלה,התנגשות חזית בצד,0,0,0,0,1,0,1,2,2,לא-עירונית בצומת,עיגון מדויק,3,0,,6,31,0,60,0,0
,אפריל,שלישי,לילה,קלה,התנגשות חזית בצד,0,0,0,0,3,0,3,3,3,לא-עירונית בצומת,עיגון מדויק,3,0,,2,31,0,0,0,0
,פברואר,רביעי,לילה,קלה,התנגשות חזית בצד,0,0,0,1,1,0,2,2,2,לא-עירונית בצומת,עיגון מדויק,3,0,,6,31,0,60,0,0
,אפריל,שישי,לילה,קלה,התנגשות חזית בצד,0,0,0,2,2,0,4,2,2,לא-עירונית בצומת,עיגון מדויק,3,0,,6,31,0,60,0,0
,ספטמבר,ראשון,לילה,קלה,התנגשות חזית בצד,0,0,0,0,1,0,1,2,2,לא-עירונית בצומת,עיגון מדויק,3,0,,6,31,0,60,0,0
,אוגוסט,שלישי,לילה,קלה,התנגשות חזית בצד,0,0,0,0,1,0,1,2,2,לא-עירונית לא בצומת,עיגון מדויק,4,0,,1,31,12,0,0,0
,מאי,שישי,לילה,קטלנית,התנגשות חזית בצד,2,0,0,0,4,0,4,2,2,לא-עירונית לא בצומת,עיגון מדויק,4,0,,1,31,62,0,0,0
,יולי,שלישי,לילה,קטלנית,התנגשות חזית בחזית,1,0,0,0,2,0,2,2,2,לא-עירונית לא בצומת,עיגון מדויק,4,0,,2,31,13,0,0,0
,דצמבר,חמישי,לילה,קלה,התהפכות,0,0,0,1,0,0,1,1,1,לא-עירונית לא בצומת,עיגון מדויק,4,0,,1,31,48,0,0,0
,ינואר,חמישי,לילה,קטלנית,התנגשות עם עצם דומם,1,0,0,0,1,0,1,1,1,לא-עירונית לא בצומת,עיגון מדויק,4,0,,1,31,70.6,0,0,0
,מאי,שני,לילה,קלה,התנגשות חזית בצד,0,0,0,0,1,0,1,2,2,לא-עירונית לא בצומת,עיגון מדויק,4,0,,2,31,47,0,0,0
,אוגוסט,רביעי,לילה,קלה,התנגשות חזית בחזית,0,0,0,0,2,0,2,2,2,לא-עירונית לא בצומת,עיגון מדויק,4,0,,1,31,3,0,0,0
,אוגוסט,רביעי,לילה,קלה,התנגשות חזית בצד,0,0,0,0,2,0,2,2,2,לא-עירונית לא בצומת,עיגון מדויק,4,0,,1,31,55,0,0,0
,יוני,רביעי,יום,קלה,החלקה,0,0,0,0,1,0,1,1,1,לא-עירונית לא בצומת,עיגון מדויק,4,0,,1,31,29,0,0,0
,נובמבר,רביעי,יום,קשה,פגיעה בהולך רגל,0,1,1,1,0,0,1,2,2,לא-עירונית לא בצומת,עיגון מדויק,4,0,,3,31,21,0,0,0
,ספטמבר,רביעי,יום,קשה,התהפכות,0,1,0,0,0,1,1,1,1,לא-עירונית לא בצומת,עיגון מדויק,4,0,,1,31,59,0,0,0
,דצמבר,שבת,יום,קלה,התנגשות חזית בחזית,0,0,0,0,1,0,1,2,2,לא-עירונית לא בצומת,עיגון מדויק,4,0,,2,31,40,0,0,0
,ינואר,שבת,יום,קשה,החלקה,0,1,0,0,1,0,1,1,1,לא-עירונית לא בצומת,עיגון מדויק,4,0,,2,31,56,0,0,0
,יוני,שלישי,יום,קלה,התנגשות חזית באחור,0,0,0,0,2,0,2,3,3,לא-עירונית לא בצומת,עיגון מדויק,4,0,,1,31,45.7,0,0,0
,ספטמבר,שישי,יום,קלה,התנגשות חזית בצד,0,0,0,1,1,0,2,2,2,לא-עירונית לא בצומת,עיגון מדויק,4,0,,5,31,20,0,0,0
,פברואר,שישי,יום,קלה,התנגשות חזית בצד,0,0,0,0,1,0,1,2,2,לא-עירונית לא בצומת,עיגון מדויק,4,0,,3,31,21,0,0,0
,מאי,שלישי,יום,קלה,התנגשות חזית בצד,0,0,0,0,4,0,4,2,2,לא-עירונית לא בצומת,עיגון מדויק,4,0,,2,31,47,0,0,0
,יוני,שבת,יום,קלה,התהפכות,0,0,0,0,5,0,5,1,1,לא-עירונית לא בצומת,עיגון מדויק,4,0,,2,31,34,0,0,0
,ספטמבר,שני,יום,קלה,התנגשות חזית בצד,0,0,0,0,3,0,3,3,3,לא-עירונית לא בצומת,עיגון מדויק,4,0,,1,31,26,0,0,0
,אפריל,ראשון,יום,קלה,התנגשות חזית בצד,0,0,0,1,1,0,2,2,2,לא-עירונית לא בצומת,עיגון מדויק,4,0,,1,31,14,0,0,0
,מרס,שבת,יום,קשה,התהפכות,0,1,0,0,1,0,1,1,1,לא-עירונית לא בצומת,עיגון מדויק,4,0,,1,31,43,0,0,0
,אוקטובר,שבת,יום,קטלנית,פגיעה בהולך רגל,1,0,1,1,0,0,1,1,1,לא-עירונית לא בצומת,עיגון מדויק,4,0,,5,31,20,0,0,0
,אוקטובר,שלישי,יום,קלה,התנגשות חזית בצד,0,0,0,0,3,0,3,2,2,לא-עירונית לא בצומת,עיגון מדויק,4,0,,5,31,20,0,0,0
,יולי,שישי,יום,קלה,התנגשות חזית בצד,0,0,0,1,1,0,2,2,2,לא-עירונית לא בצומת,מרכז דרך,4,0,,4,31,11,0,0,0
,ספטמבר,ראשון,יום,קלה,התנגשות חזית בצד,0,0,0,2,2,0,4,2,2,לא-עירונית לא בצומת,עיגון מדויק,4,0,,5,31,19,0,0,0
,מרס,רביעי,יום,קלה,התנגשות חזית בצד,0,0,0,0,2,0,2,2,2,לא-עירונית לא בצומת,עיגון מדויק,4,0,,5,31,19,0,0,0
,אוגוסט,שני,יום,קלה,התנגשות חזית בצד,0,0,0,0,3,0,3,2,2,לא-עירונית לא בצומת,עיגון מדויק,4,0,,1,31,47.7,0,0,0
,אפריל,רביעי,יום,קלה,התנגשות צד בצד,0,0,0,0,1,0,1,2,2,לא-עירונית לא בצומת,מרכז דרך,4,0,,4,31,10.4,0,0,0
,מאי,שלישי,יום,קלה,התנגשות חזית בצד,0,0,0,1,1,0,2,2,2,לא-עירונית לא בצומת,עיגון מדויק,4,0,,1,31,22,0,0,0
,אוקטובר,ראשון,לילה,קלה,התנגשות חזית בצד,0,0,0,0,7,0,8,2,2,לא-עירונית לא בצומת,עיגון מדויק,4,0,,2,31,13,0,0,0
,נובמבר,חמישי,לילה,קטלנית,פגיעה בהולך רגל,1,0,1,1,1,0,2,1,1,לא-עירונית לא בצומת,עיגון מדויק,4,0,,5,31,19,0,0,0
,מאי,שבת,יום,קלה,התנגשות חזית בחזית,0,0,0,1,2,0,3,2,2,לא-עירונית לא בצומת,עיגון מדויק,4,0,,3,31,21,0,0,0
,ינואר,שלישי,לילה,קלה,התהפכות,0,0,0,0,1,0,1,1,1,לא-עירונית לא בצומת,עיגון מדויק,4,0,,1,31,15.4,0,0,0
,ינואר,שישי,לילה,קלה,התנגשות צד בצד,0,0,0,0,3,0,3,2,2,לא-עירונית לא בצומת,מרכז דרך,4,0,,4,31,8.1,0,0,0
,ינואר,שבת,לילה,קלה,התנגשות חזית בצד,0,0,0,0,2,0,2,2,2,לא-עירונית לא בצומת,עיגון מדויק,4,0,,1,31,20.5,0,0,0
,ספטמבר,רביעי,לילה,קלה,התנגשות חזית בחזית,0,0,0,0,1,0,1,2,2,לא-עירונית לא בצומת,עיגון מדויק,4,0,,1,31,58,0,0,0
,נובמבר,שלישי,לילה,קלה,התנגשות חזית בחזית,0,0,0,1,3,0,4,2,2,לא-עירונית לא בצומת,עיגון מדויק,4,0,,2,31,32,0,0,0
,נובמבר,רביעי,לילה,קשה,פגיעה בהולך רגל,0,1,1,1,0,0,1,1,1,לא-עירונית לא בצומת,עיגון מדויק,4,0,,5,31,20,0,0,0
,פברואר,שלישי,לילה,קטלנית,התנגשות חזית בצד,1,0,0,0,1,1,2,2,2,לא-עירונית לא בצומת,עיגון מדויק,4,0,,1,31,33,0,0,0
,מאי,ראשון,לילה,קלה,התהפכות,0,0,0,2,1,0,3,1,1,לא-עירונית לא בצומת,עיגון מדויק,4,0,,2,31,32,0,0,0
,מרס,שבת,לילה,קשה,התנגשות חזית בחזית,0,2,0,1,5,0,6,2,2,לא-עירונית לא בצומת,עיגון מדויק,4,0,,1,31,30.7,0,0,0
,אוקטובר,ראשון,לילה,קלה,התנגשות חזית באחור,0,0,0,0,2,0,2,2,2,לא-עירונית לא בצומת,עיגון מדויק,4,0,,2,31,34,0,0,0
,מאי,שישי,לילה,קלה,התנגשות חזית בחזית,0,0,0,0,2,0,2,2,2,לא-עירונית לא בצומת,עיגון מדויק,4,0,,2,31,40,0,0,0
,מרס,שבת,לילה,קשה,התהפכות,0,2,0,0,2,0,2,1,1,לא-עירונית לא בצומת,עיגון מדויק,4,0,,2,31,56,0,0,0
,אוגוסט,שישי,לילה,קלה,התנגשות עם עצם דומם,0,0,0,0,2,0,2,1,1,לא-עירונית לא בצומת,עיגון מדויק,4,0,,5,31,19,0,0,0
,נובמבר,רביעי,לילה,קלה,התנגשות חזית בצד,0,0,0,1,2,0,3,2,2,לא-עירונית לא בצומת,עיגון מדויק,4,0,,5,31,20,0,0,0
,מרס,חמישי,לילה,קשה,התנגשות חזית בחזית,0,1,0,2,2,0,4,2,2,לא-עירונית לא בצומת,מרכז דרך,4,0,,4,31,7,0,0,0
,נובמבר,שבת,לילה,קטלנית,התנגשות חזית בחזית,1,1,0,0,9,0,9,3,3,לא-עירונית לא בצומת,עיגון מדויק,4,0,,5,31,19,0,0,0
,מרס,שלישי,יום,קלה,התנגשות חזית בצד,0,0,0,0,1,0,1,2,2,לא-עירונית בצומת,עיגון מדויק,3,0,,4,31,0,80,0,0
,ספטמבר,ראשון,לילה,קטלנית,התנגשות חזית בצד,2,2,0,3,3,0,6,2,2,לא-עירונית בצומת,עיגון מדויק,3,0,,4,31,0,80,0,0
,אוקטובר,שבת,יום,קלה,התנגשות חזית בצד,0,0,0,0,1,0,1,2,2,לא-עירונית בצומת,עיגון מדויק,3,0,,1,31,0,90,0,0
,מאי,שבת,יום,קלה,התנגשות חזית בצד,0,0,0,0,1,0,1,2,2,לא-עירונית בצומת,עיגון מדויק,3,0,,4,31,0,80,0,0
,יוני,חמישי,יום,קלה,התנגשות חזית בצד,0,0,0,3,4,0,7,2,2,לא-עירונית בצומת,עיגון מדויק,3,0,,2,6,0,31,358,0
,דצמבר,שלישי,לילה,קלה,התנגשות חזית בצד,0,0,0,0,4,0,4,2,2,לא-עירונית בצומת,עיגון מדויק,3,0,,4,31,0,80,0,0
,אוקטובר,שלישי,לילה,קלה,התנגשות חזית בצד,0,0,0,0,1,0,1,2,2,לא-עירונית בצומת,עיגון מדויק,3,0,,3,31,0,60,0,0
,דצמבר,שבת,לילה,קלה,התנגשות חזית בצד,0,0,0,0,1,0,1,2,2,לא-עירונית בצומת,עיגון מדויק,3,0,,2,6,0,31,358,0
,יוני,רביעי,לילה,קלה,התנגשות חזית בצד,0,0,0,0,1,0,1,2,2,לא-עירונית בצומת,עיגון מדויק,3,0,,3,31,0,60,0,0
,אוגוסט,רביעי,לילה,קלה,התנגשות חזית בצד,0,0,0,2,2,0,4,3,3,לא-עירונית בצומת,עיגון מדויק,3,0,,3,31,0,60,0,0
,דצמבר,ראשון,לילה,קשה,התנגשות חזית בצד,0,1,0,1,2,0,3,2,2,לא-עירונית לא בצומת,עיגון מדויק,4,0,,1,31,15,0,0,0
,דצמבר,שבת,לילה,קלה,התנגשות חזית בצד,0,0,0,1,4,0,5,2,2,לא-עירונית לא בצומת,עיגון מדויק,4,0,,1,31,72,0,0,0
,מאי,שבת,לילה,קטלנית,התנגשות חזית בצד,2,5,0,0,7,0,7,2,2,לא-עירונית לא בצומת,עיגון מדויק,4,0,,2,31,40,0,0,0
,מרס,חמישי,יום,קלה,התנגשות חזית בחזית,0,0,0,0,1,0,1,2,2,לא-עירונית לא בצומת,עיגון מדויק,4,0,,1,31,55,0,0,0
,יוני,שני,יום,קלה,התנגשות חזית בחזית,0,0,0,0,2,0,2,2,2,לא-עירונית לא בצומת,עיגון מדויק,4,0,,1,31,25,0,0,0
,ספטמבר,שבת,יום,קטלנית,התנגשות חזית בצד,3,0,0,2,1,0,3,2,2,לא-עירונית לא בצומת,עיגון מדויק,4,0,,1,31,28.1,0,0,0
,נובמבר,שישי,יום,קשה,פגיעה בהולך רגל,0,1,1,1,0,0,1,1,1,לא-עירונית לא בצומת,עיגון מדויק,4,0,,1,31,20,0,0,0
,ינואר,חמישי,יום,קלה,התנגשות צד בצד,0,0,0,0,2,0,2,2,2,לא-עירונית לא בצומת,עיגון מדויק,4,0,,3,31,19,0,0,0
,מאי,שבת,יום,קטלנית,החלקה,1,2,0,3,8,0,11,2,2,לא-עירונית לא בצומת,עיגון מדויק,4,0,,1,31,28,0,0,0
,פברואר,שבת,יום,קלה,התנגשות חזית בצד,0,0,0,0,2,0,2,2,2,לא-עירונית לא בצומת,עיגון מדויק,4,0,,1,31,43,0,0,0
,אוקטובר,ראשון,יום,קלה,התנגשות חזית בצד,0,0,0,0,1,1,2,2,2,לא-עירונית לא בצומת,עיגון מדויק,4,0,,1,31,18,0,0,0
,מרס,רביעי,יום,קלה,התנגשות צד בצד,0,0,0,0,2,0,2,2,2,לא-עירונית לא בצומת,עיגון מדויק,4,0,,1,31,14,0,0,0
,אפריל,שני,יום,קלה,התנגשות חזית בחזית,0,0,0,0,2,0,2,2,2,לא-עירונית לא בצומת,עיגון מדויק,4,0,,1,31,64,0,0,0
,ינואר,חמישי,יום,קטלנית,התנגשות חזית בחזית,1,2,0,0,5,0,5,2,2,לא-עירונית לא בצומת,עיגון מדויק,4,0,,1,31,12,0,0,0
,אפריל,ראשון,יום,קטלנית,התנגשות צד בצד,1,1,0,2,7,0,9,3,3,לא-עירונית לא בצומת,מרכז דרך,4,0,,2,31,9,0,0,0
,מרס,רביעי,יום,קלה,התנגשות חזית בצד,0,0,0,0,2,1,3,2,2,לא-עירונית לא בצומת,עיגון מדויק,4,0,,1,31,19.5,0,0,0
,אוגוסט,שלישי,יום,קשה,התנגשות חזית בצד,0,1,0,0,2,0,2,2,2,לא-עירונית לא בצומת,עיגון מדויק,4,0,,1,31,63,0,0,0
,מרס,חמישי,יום,קלה,התנגשות חזית בצד,0,0,0,0,1,0,1,2,2,לא-עירונית לא בצומת,עיגון מדויק,4,0,,1,31,48,0,0,0
,אוגוסט,שלישי,יום,קלה,התנגשות חזית בצד,0,0,0,1,2,0,3,2,2,לא-עירונית לא בצומת,עיגון מדויק,4,0,,2,31,40,0,0,0
,אפריל,חמישי,לילה,קלה,התנגשות חזית בחזית,0,0,0,1,3,0,4,3,3,לא-עירונית לא בצומת,עיגון מדויק,4,0,,3,31,19,0,0,0
,נובמבר,שלישי,לילה,קטלנית,פגיעה בהולך רגל,1,0,1,1,0,0,1,1,1,לא-עירונית לא בצומת,מרכז קילומטר,4,0,,1,31,30,0,0,0
,אוקטובר,רביעי,לילה,קלה,התנגשות חזית באחור,0,0,0,0,1,0,1,2,2,לא-עירונית לא בצומת,עיגון מדויק,4,0,,1,31,22,0,0,0
,ספטמבר,ראשון,לילה,קלה,התהפכות,0,0,0,1,0,0,1,2,2,לא-עירונית לא בצומת,עיגון מדויק,4,0,,1,31,21,0,0,0
,מרס,שלישי,לילה,קשה,התנגשות חזית בצד,0,1,0,0,1,0,1,2,2,לא-עירונית לא בצומת,עיגון מדויק,4,0,,1,31,24,0,0,0
,יוני,שבת,לילה,קשה,התנגשות צד בצד,0,1,0,0,1,0,1,2,2,לא-עירונית לא בצומת,מרכז דרך,4,0,,2,31,6,0,0,0
,יולי,ראשון,לילה,קלה,התנגשות חזית בצד,0,0,0,3,4,0,7,2,2,לא-עירונית לא בצומת,עיגון מדויק,4,0,,3,31,19,0,0,0
,מרס,חמישי,לילה,קלה,התנגשות חזית בצד,0,0,0,0,2,0,2,2,2,לא-עירונית לא בצומת,עיגון מדויק,4,0,,1,31,41,0,0,0
,ספטמבר,שני,לילה,קלה,התנגשות חזית בצד,0,0,0,0,4,1,5,2,2,לא-עירונית בצומת,עיגון מדויק,3,0,,4,31,0,60,0,0
,אוקטובר,שבת,יום,קלה,התהפכות,0,0,0,0,1,0,1,2,2,לא-עירונית בצומת,עיגון מדויק,3,0,,1,31,0,80,0,0
,מאי,שישי,יום,קטלנית,התנגשות חזית בצד,1,0,0,1,3,1,5,3,3,לא-עירונית בצומת,עיגון מדויק,3,0,,4,6,0,31,358,0
,דצמבר,שבת,יום,קלה,התנגשות חזית בצד,0,0,0,2,2,0,4,2,2,לא-עירונית בצומת,עיגון מדויק,3,0,,4,6,0,31,358,0
,יוני,שלישי,לילה,קלה,התנגשות חזית בחזית,0,0,0,0,1,0,1,2,2,לא-עירונית בצומת,עיגון מדויק,3,0,,4,6,0,31,358,0
,אפריל,שישי,לילה,קלה,התנגשות חזית בצד,0,0,0,1,4,0,5,3,3,לא-עירונית בצומת,עיגון מדויק,3,0,,4,6,0,31,358,0
,דצמבר,שלישי,לילה,קלה,התנגשות חזית בצד,0,0,0,0,14,0,14,2,2,לא-עירונית בצומת,עיגון מדויק,3,0,,4,31,0,60,0,0
,יוני,שלישי,לילה,קלה,התנגשות חזית בצד,0,0,0,2,4,0,6,2,2,לא-עירונית בצומת,עיגון מדויק,3,0,,4,31,0,60,0,0
,יוני,חמישי,לילה,קלה,התנגשות צד בצד,0,0,0,0,1,0,1,2,2,לא-עירונית בצומת,עיגון מדויק,3,0,,4,31,0,60,0,0
,יוני,שבת,לילה,קשה,התהפכות,0,1,0,1,2,0,3,1,1,לא-עירונית לא בצומת,עיגון מדויק,4,0,,2,31,62,0,0,0
,אפריל,שבת,לילה,קלה,התנגשות עם עצם דומם,0,0,0,0,2,0,2,1,1,לא-עירונית לא בצומת,עיגון מדויק,4,0,,2,31,21,0,0,0
,מאי,שישי,יום,קלה,התנגשות חזית בצד,0,0,0,0,2,0,2,2,2,לא-עירונית לא בצומת,עיגון מדויק,4,0,,2,31,45,0,0,0
,מרס,שלישי,יום,קלה,התנגשות צד בצד,0,0,0,0,3,0,3,2,2,לא-עירונית לא בצומת,עיגון מדויק,4,0,,1,31,24,0,0,0
,נובמבר,שישי,יום,קטלנית,התנגשות חזית בחזית,1,0,0,0,1,0,1,2,2,לא-עירונית לא בצומת,עיגון מדויק,4,0,,1,31,51,0,0,0
,נובמבר,שבת,יום,קלה,התנגשות חזית בצד,0,0,0,0,3,0,3,2,2,לא-עירונית לא בצומת,עיגון מדויק,4,0,,3,31,14,0,0,0
,מאי,שישי,יום,קלה,התנגשות חזית בצד,0,0,0,2,2,0,4,3,3,לא-עירונית לא בצומת,עיגון מדויק,4,0,,1,31,20,0,0,0
,אפריל,שני,יום,קלה,התנגשות חזית בצד,0,0,0,1,0,0,1,2,2,לא-עירונית לא בצומת,עיגון מדויק,4,0,,1,31,36,0,0,0
,מרס,ראשון,יום,קלה,התנגשות חזית בצד,0,0,0,0,2,0,2,2,2,לא-עירונית לא בצומת,עיגון מדויק,4,0,,3,31,14,0,0,0
,פברואר,שבת,יום,קלה,התנגשות חזית בצד,0,0,0,0,1,1,4,2,2,לא-עירונית לא בצומת,עיגון מדויק,4,0,,3,31,14,0,0,0
,אוגוסט,שבת,יום,קשה,החלקה,0,1,0,0,1,0,1,1,1,לא-עירונית לא בצומת,מרכז דרך,4,0,,3,31,10,0,0,0
,יוני,שני,יום,קלה,התנגשות חזית בצד,0,0,0,0,1,0,1,2,2,לא-עירונית לא בצומת,עיגון מדויק,4,0,,1,31,23,0,0,0
,דצמבר,שבת,יום,קשה,התנגשות עם עצם דומם,0,1,0,0,1,0,1,1,1,לא-עירונית לא בצומת,עיגון מדויק,4,0,,1,31,69,0,0,0
,יוני,שישי,יום,קלה,התנגשות חזית בחזית,0,0,0,1,1,0,2,2,2,לא-עירונית לא בצומת,עיגון מדויק,4,0,,2,31,45,0,0,0
,פברואר,שבת,יום,קשה,התנגשות עם רכב שנעצר ללא חניה,0,1,0,0,4,0,4,7,7,לא-עירונית לא בצומת,עיגון מדויק,4,0,,2,31,62,0,0,0
,אוקטובר,שני,יום,קטלנית,התנגשות חזית בצד,1,5,0,7,2,0,9,2,2,לא-עירונית לא בצומת,מרכז דרך,4,0,,3,31,7,0,0,0
,אוגוסט,רביעי,יום,קלה,התנגשות צד בצד,0,0,0,0,3,0,9,6,6,לא-עירונית לא בצומת,עיגון מדויק,4,0,,1,31,27,0,0,0
,אוגוסט,ראשון,יום,קשה,התנגשות חזית בצד,0,1,0,0,2,0,3,2,2,לא-עירונית לא בצומת,עיגון מדויק,4,0,,2,31,21,0,0,0
,פברואר,ראשון,יום,קלה,התנגשות חזית בצד,0,0,0,2,3,0,5,2,2,לא-עירונית לא בצומת,עיגון מדויק,4,0,,1,31,18.7,0,0,0
,מאי,ראשון,יום,קטלנית,התנגשות חזית בחזית,1,1,0,0,2,0,2,2,2,לא-עירונית לא בצומת,עיגון מדויק,4,0,,1,31,39,0,0,0
,דצמבר,שישי,יום,קטלנית,התנגשות חזית בצד,1,0,0,0,3,0,3,2,2,לא-עירונית לא בצומת,עיגון מדויק,4,0,,1,31,18,0,0,0
,פברואר,שני,יום,קלה,התנגשות חזית בצד,0,0,0,1,2,1,4,2,2,לא-עירונית לא בצומת,עיגון מדויק,4,0,,1,31,35,0,0,0
,אוגוסט,שישי,יום,קשה,פגיעה בהולך רגל,0,1,1,0,1,0,1,1,1,לא-עירונית לא בצומת,עיגון מדויק,4,0,,1,31,19,0,0,0
,אוקטובר,רביעי,יום,קלה,התנגשות חזית בצד,0,0,0,3,1,0,4,2,2,לא-עירונית לא בצומת,עיגון מדויק,4,0,,3,31,15,0,0,0
,מרס,שלישי,יום,קלה,התנגשות חזית בצד,0,0,0,0,1,0,1,2,2,לא-עירונית לא בצומת,עיגון מדויק,4,0,,1,31,13.8,0,0,0
,יולי,שלישי,יום,קטלנית,התנגשות חזית בצד,1,1,0,3,2,0,5,2,2,לא-עירונית לא בצומת,עיגון מדויק,4,0,,1,31,34,0,0,0
,אוקטובר,רביעי,יום,קלה,התנגשות צד בצד,0,0,0,0,1,0,1,2,2,לא-עירונית לא בצומת,עיגון מדויק,4,0,,3,31,15,0,0,0
,יוני,רביעי,יום,קטלנית,התנגשות חזית בחזית,4,0,0,2,5,0,7,2,2,לא-עירונית לא בצומת,עיגון מדויק,4,0,,1,31,37,0,0,0
,יולי,שלישי,יום,קשה,התנגשות חזית באחור,0,1,0,0,2,0,2,3,3,לא-עירונית לא בצומת,עיגון מדויק,4,0,,1,31,33,0,0,0
,אוגוסט,חמישי,יום,קלה,התנגשות חזית בצד,0,0,0,2,1,1,4,2,2,לא-עירונית לא בצומת,עיגון מדויק,4,0,,3,31,15,0,0,0
,ספטמבר,שלישי,יום,קלה,התנגשות חזית בחזית,0,0,0,2,1,0,5,2,2,לא-עירונית לא בצומת,עיגון מדויק,4,0,,1,31,47.7,0,0,0
,ינואר,חמישי,לילה,קלה,התנגשות צד בצד,0,0,0,1,4,0,5,2,2,לא-עירונית לא בצומת,עיגון מדויק,4,0,,1,31,44,0,0,0
,אוקטובר,שבת,לילה,קטלנית,התנגשות עם עצם דומם,1,0,0,0,1,0,1,2,2,לא-עירונית לא בצומת,מרכז דרך,4,0,,3,31,11,0,0,0
,אפריל,רביעי,יום,קלה,התנגשות חזית בצד,0,0,0,0,1,0,1,2,2,לא-עירונית לא בצומת,עיגון מדויק,4,0,,1,31,47,0,0,0
,מרס,שבת,לילה,קלה,התנגשות חזית בצד,0,0,0,1,3,0,4,2,2,לא-עירונית לא בצומת,עיגון מדויק,4,0,,1,31,58.4,0,0,0
,אוקטובר,רביעי,לילה,קלה,התנגשות חזית באחור,0,0,0,0,3,0,3,2,2,לא-עירונית לא בצומת,עיגון מדויק,4,0,,1,31,32,0,0,0
,אוגוסט,חמישי,לילה,קלה,התנגשות צד בצד,0,0,0,3,1,0,4,3,3,לא-עירונית לא בצומת,עיגון מדויק,4,0,,1,31,5,0,0,0
,ינואר,שישי,לילה,קלה,התנגשות חזית בצד,0,0,0,0,1,0,1,2,2,לא-עירונית לא בצומת,עיגון מדויק,4,0,,1,31,28,0,0,0
,אוגוסט,שבת,לילה,קלה,התנגשות חזית בצד,0,0,0,0,1,0,1,2,2,לא-עירונית לא בצומת,עיגון מדויק,4,0,,1,31,3,0,0,0
,מאי,רביעי,לילה,קלה,התנגשות חזית באחור,0,0,0,0,9,0,9,2,2,לא-עירונית לא בצומת,עיגון מדויק,4,0,,1,31,49,0,0,0
,ינואר,רביעי,לילה,קלה,התנגשות חזית בצד,0,0,0,0,2,0,2,2,2,לא-עירונית בצומת,עיגון מדויק,3,0,,2,31,0,60,0,0
,פברואר,שלישי,יום,קלה,התנגשות חזית בצד,0,0,0,2,2,0,4,2,2,לא-עירונית בצומת,עיגון מדויק,3,0,,1,31,0,316,0,0
,מאי,ראשון,יום,קלה,התנגשות חזית בצד,0,0,0,0,3,0,3,2,2,לא-עירונית בצומת,עיגון מדויק,3,0,,1,6,0,31,358,0
,אפריל,שני,יום,קשה,התנגשות חזית בצד,0,2,1,3,3,0,6,2,2,לא-עירונית בצומת,עיגון מדויק,3,0,,1,31,0,3199,0,0
,מאי,שני,יום,קלה,התנגשות חזית בצד,0,0,0,0,0,1,1,2,2,לא-עירונית בצומת,עיגון מדויק,3,0,,2,31,0,60,0,0
,מרס,שני,לילה,קלה,התנגשות חזית בצד,0,0,0,2,2,0,4,2,2,לא-עירונית בצומת,עיגון מדויק,3,0,,2,31,0,0,0,0
,יולי,שבת,יום,קלה,התנגשות חזית בצד,0,0,0,0,1,0,1,2,2,לא-עירונית בצומת,עיגון מדויק,3,0,,2,31,0,0,0,0
,דצמבר,שני,לילה,קלה,התנגשות חזית בצד,0,0,0,0,3,0,3,2,2,לא-עירונית בצומת,עיגון מדויק,3,0,,1,31,0,0,0,0
,אפריל,שבת,לילה,קטלנית,התהפכות,1,0,0,1,1,0,2,1,1,לא-עירונית לא בצומת,עיגון מדויק,4,0,,1,31,20,0,0,0
,נובמבר,ראשון,יום,קלה,התהפכות,0,0,0,2,8,0,10,1,1,לא-עירונית לא בצומת,עיגון מדויק,4,0,,2,31,58,0,0,0
,נובמבר,חמישי,יום,קלה,התנגשות חזית בצד,0,0,0,0,2,0,2,2,2,לא-עירונית לא בצומת,עיגון מדויק,4,0,,1,31,35,0,0,0
,פברואר,רביעי,יום,קלה,התנגשות חזית באחור,0,0,0,1,4,0,5,2,2,לא-עירונית לא בצומת,עיגון מדויק,4,0,,1,31,27,0,0,0
,אפריל,ראשון,יום,קלה,התנגשות חזית בחזית,0,0,0,0,3,0,3,2,2,לא-עירונית לא בצומת,עיגון מדויק,4,0,,2,31,23,0,0,0
,ספטמבר,ראשון,יום,קטלנית,התנגשות חזית בחזית,1,1,0,0,2,0,2,2,2,לא-עירונית לא בצומת,עיגון מדויק,4,0,,3,31,18,0,0,0
,דצמבר,שבת,יום,קלה,החלקה,0,0,0,1,0,0,1,1,1,לא-עירונית לא בצומת,עיגון מדויק,4,0,,2,31,58,0,0,0
,נובמבר,חמישי,יום,קשה,התנגשות חזית בחזית,0,2,0,0,7,0,7,5,5,לא-עירונית לא בצומת,מרכז דרך,4,0,,1,31,10,0,0,0
,ינואר,רביעי,יום,קשה,התנגשות צד בצד,0,1,0,0,1,1,2,2,2,לא-עירונית לא בצומת,עיגון מדויק,4,0,,1,31,24,0,0,0
,מרס,חמישי,יום,קשה,התנגשות חזית בחזית,0,2,0,3,3,1,7,3,3,לא-עירונית לא בצומת,עיגון מדויק,4,0,,1,31,29,0,0,0
,אוקטובר,שישי,יום,קלה,התנגשות חזית באחור,0,0,0,0,0,2,2,2,2,לא-עירונית לא בצומת,עיגון מדויק,4,0,,2,31,48,0,0,0
,דצמבר,חמישי,יום,קשה,התנגשות חזית בחזית,0,1,0,0,3,0,3,2,2,לא-עירונית לא בצומת,עיגון מדויק,4,0,,2,31,48,0,0,0
,אוקטובר,ראשון,יום,קלה,התנגשות חזית בחזית,0,0,0,2,2,2,7,2,2,לא-עירונית לא בצומת,עיגון מדויק,4,0,,1,31,26,0,0,0
,נובמבר,שישי,לילה,קלה,התנגשות חזית בצד,0,0,0,2,1,0,3,2,2,לא-עירונית לא בצומת,עיגון מדויק,4,0,,1,31,13.8,0,0,0
,אפריל,שישי,יום,קלה,התנגשות חזית בצד,0,0,0,3,3,0,6,2,2,לא-עירונית לא בצומת,עיגון מדויק,4,0,,1,31,47,0,0,0
,אוקטובר,חמישי,יום,קלה,התנגשות חזית באחור,0,0,0,1,4,0,5,2,2,לא-עירונית לא בצומת,עיגון מדויק,4,0,,2,31,4,0,0,0
,מרס,שבת,יום,קלה,התנגשות חזית באחור,0,0,0,2,3,0,5,2,2,לא-עירונית לא בצומת,עיגון מדויק,4,0,,3,31,18,0,0,0
,ספטמבר,ראשון,יום,קלה,התנגשות חזית בצד,0,0,0,1,4,0,5,2,2,לא-עירונית לא בצומת,עיגון מדויק,4,0,,2,31,19,0,0,0
,יוני,חמישי,יום,קלה,התנגשות חזית בצד,0,0,0,0,1,0,1,2,2,לא-עירונית לא בצומת,עיגון מדויק,4,0,,2,31,19,0,0,0
,אוקטובר,ראשון,לילה,קלה,התנגשות חזית בחזית,0,0,0,0,1,1,2,2,2,לא-עירונית לא בצומת,עיגון מדויק,4,0,,1,31,31,0,0,0
,פברואר,שלישי,לילה,קטלנית,פגיעה בהולך רגל,1,0,1,0,1,0,1,1,1,לא-עירונית לא בצומת,עיגון מדויק,4,0,,1,31,21,0,0,0
,אוקטובר,חמישי,לילה,קשה,התנגשות חזית בחזית,0,1,0,3,4,0,7,3,3,לא-עירונית לא בצומת,עיגון מדויק,4,0,,2,31,4,0,0,0
,נובמבר,שישי,לילה,קלה,החלקה,0,0,0,1,3,1,5,2,2,לא-עירונית לא בצומת,עיגון מדויק,4,0,,1,31,46,0,0,0
,מאי,שני,לילה,קשה,פגיעה בהולך רגל,0,1,1,1,0,0,1,2,2,לא-עירונית לא בצומת,עיגון מדויק,4,0,,3,31,18,0,0,0
,אוגוסט,שבת,לילה,קלה,התנגשות חזית בצד,0,0,0,0,1,0,1,2,2,לא-עירונית לא בצומת,עיגון מדויק,4,0,,2,31,23,0,0,0
,מאי,שבת,לילה,קשה,התהפכות,0,1,0,0,2,0,2,1,1,לא-עירונית לא בצומת,עיגון מדויק,4,0,,1,31,34,0,0,0
,פברואר,חמישי,לילה,קשה,התנגשות חזית בחזית,0,1,0,1,3,0,4,2,2,לא-עירונית לא בצומת,עיגון מדויק,4,0,,1,31,65,0,0,0
