﻿מחוז,יישוב
מחוז צפון,נצרת
מחוז צפון,נהרייה
מחוז צפון,עפולה
מחוז צפון,עכו
מחוז צפון,שפרעם
מחוז צפון,כרמיאל
מחוז צפון,נוף הגליל
מחוז צפון,טבריה
מחוז צפון,טמרה
מחוז צפון,סח'נין
מחוז צפון,יקנעם עילית
מחוז צפון,עראבה
מחוז צפון,קריית שמונה
מחוז צפון,צפת
מחוז צפון,מגדל העמק
מחוז צפון,בית שאן
מחוז צפון,מעלות-תרשיחא
מחוז צפון,ירכא
מחוז צפון,מגאר
מחוז צפון,כפר כנא
מחוז צפון,ג'דיידה-מכר
מחוז צפון,יפיע
מחוז חיפה,חיפה
מחוז חיפה,חדרה
מחוז חיפה,קריית אתא
מחוז חיפה,אום אל-פחם
מחוז חיפה,קריית מוצקין
מחוז חיפה,פרדס חנה-כרכור
מחוז חיפה,קריית ביאליק
מחוז חיפה,קריית ים
מחוז חיפה,באקה אל-גרביה
מחוז חיפה,זכרון יעקב
מחוז חיפה,טירת כרמל
מחוז חיפה,נשר
מחוז חיפה,דאלית אל-כרמל
מחוז חיפה,קריית טבעון
מחוז חיפה,כפר קרע
מחוז חיפה,חריש
מחוז חיפה,אור עקיבא
מחוז מרכז,ראשון לציון
מחוז מרכז,פתח תקווה
מחוז מרכז,נתניה
מחוז מרכז,ניר צבי
מחוז מרכז,רחובות
מחוז מרכז,לוד
מחוז מרכז,כפר סבא
מחוז מרכז,מודיעין-מכבים-רעות*
מחוז מרכז,רעננה
מחוז מרכז,"בני עי""ש"
מחוז מרכז,ראש העין
מחוז מרכז,הוד השרון
מחוז מרכז,רמלה
מחוז מרכז,יבנה
מחוז מרכז,נס ציונה
מחוז מרכז,טייבה
מחוז מרכז,יהוד
מחוז מרכז,טירה
מחוז מרכז,גדרה
מחוז מרכז,כפר יונה
מחוז מרכז,באר יעקב
מחוז מרכז,גבעת שמואל
מחוז מרכז,גן יבנה
מחוז מרכז,קדימה-צורן
מחוז מרכז,שוהם
מחוז מרכז,גני תקווה
מחוז מרכז,כפר קאסם
מחוז מרכז,אבן יהודה
מחוז מרכז,מזכרת בתיה
מחוז מרכז,קלנסווה
מחוז תל אביב,תל אביב -יפו
מחוז תל אביב,חולון
מחוז תל אביב,רמת גן
מחוז תל אביב,הרצלייה
מחוז תל אביב,בת ים
מחוז תל אביב,גבעתיים
מחוז תל אביב,רמת השרון
מחוז תל אביב,בני ברק
מחוז תל אביב,קריית אונו
מחוז תל אביב,אור יהודה
מחוז ירושלים,ירושלים
מחוז ירושלים,בית שמש
מחוז ירושלים,מבשרת ציון
מחוז יהודה ושומרון,מעלה אדומים
מחוז דרום,באר שבע
מחוז דרום,אשדוד
מחוז דרום,אשקלון
מחוז דרום,אילת
מחוז דרום,קריית גת
מחוז דרום,רהט
מחוז דרום,דימונה
מחוז דרום,נתיבות
מחוז דרום,שדרות
מחוז דרום,אופקים
מחוז דרום,ערד
מחוז דרום,ערערה
מחוז דרום,קריית מלאכי
