﻿year,count,type
2013,4,פצוע קשה
2013,12,פצוע קשה
2013,6,הרוג
2014,24,פצוע קשה
2015,18,הרוג
2015,18,פצוע קשה
2015,6,פצוע קשה
2016,2,פצוע קשה
2016,6,פצוע קשה
2016,2,פצוע קשה
2016,2,הרוג
2016,4,פצוע קשה
2017,12,פצוע קשה
2017,2,פצוע קשה
2017,4,פצוע קשה
2018,2,פצוע קשה
2018,4,פצוע קשה
2018,2,הרוג
2019,12,פצוע קשה
2019,2,פצוע קשה
2020,6,פצוע קשה
2020,12,פצוע קשה
2020,8,הרוג
2020,6,פצוע קשה
2020,6,פצוע קשה
2021,6,פצוע קשה
2021,4,פצוע קשה
2021,2,פצוע קשה
2021,4,פצוע קשה
2021,4,פצוע קשה
