﻿שנה,חודש,יום בשבוע,יום/לילה,חומרת תאונה,סוג תאונה,הרוגים,פצועים קשה,הולכי רגל שנפגעו,נפגעים בגיל 0-19,נפגעים בגיל 20-64,נפגעים בגיל +65,קל בינוני,כלי רכב,נהגים,סוג דרך,איכות עיגון,סמל סוג דרך,סמל יישוב,שם יישוב,מס' תאונות במיקום,רחוב1/דרך1,"מס' בית/ק""מ",רחוב2/דרך2,רחוב3/דרך3,רחוב4/דרך4,x,y
2008,יולי,חמישי,לילה,קשה,התנגשות חזית בצד,0,1,0,0,5,0,5,2,2,לא-עירונית בצומת,עיגון מדויק,3,0,,3,31,0,60,0,0,,
2008,אוגוסט,שישי,לילה,קלה,התנגשות חזית בצד,0,0,0,0,3,0,3,2,2,לא-עירונית בצומת,עיגון מדויק,3,0,,1,31,0,0,0,0,,
2008,יולי,ראשון,לילה,קלה,התנגשות חזית בצד,0,0,0,4,8,0,12,2,2,לא-עירונית בצומת,עיגון מדויק,3,0,,3,31,0,60,0,0,,
2008,פברואר,שני,יום,קלה,התנגשות חזית באחור,0,0,0,0,2,0,2,2,2,לא-עירונית בצומת,עיגון מדויק,3,0,,1,31,0,3112,0,0,,
2008,פברואר,ראשון,יום,קלה,התנגשות חזית בצד,0,0,0,0,1,0,1,2,2,לא-עירונית בצומת,עיגון מדויק,3,0,,1,31,0,0,0,0,,
2008,מאי,שישי,יום,קלה,התנגשות חזית בצד,0,0,0,0,2,0,2,3,3,לא-עירונית בצומת,עיגון מדויק,3,0,,3,31,0,60,0,0,,
2008,ספטמבר,שבת,יום,קלה,התנגשות חזית בצד,0,0,0,0,3,1,4,2,2,לא-עירונית בצומת,עיגון מדויק,3,0,,1,31,0,0,0,0,,
2008,דצמבר,שני,לילה,קלה,התנגשות חזית בצד,0,0,0,0,0,2,2,2,2,לא-עירונית בצומת,מרכז דרך,3,0,,2,31,0,0,0,0,,
2008,מרס,שלישי,לילה,קלה,התנגשות עם עצם דומם,0,0,0,0,1,0,1,1,1,לא-עירונית לא בצומת,עיגון מדויק,4,0,,1,31,66.5,0,0,0,,
2008,אוגוסט,שישי,לילה,קלה,התנגשות חזית באחור,0,0,0,1,2,0,3,2,2,לא-עירונית לא בצומת,עיגון מדויק,4,0,,1,31,48.5,0,0,0,,
2008,אוגוסט,רביעי,לילה,קלה,ירידה מהכביש או עלייה למדרכה,0,0,0,0,0,0,1,1,1,לא-עירונית לא בצומת,עיגון מדויק,4,0,,1,31,34.1,0,0,0,,
2008,מרס,חמישי,לילה,קלה,התנגשות חזית בחזית,0,0,0,2,4,0,6,2,2,לא-עירונית לא בצומת,עיגון מדויק,4,0,,1,31,44.1,0,0,0,,
2008,נובמבר,שלישי,יום,קלה,התנגשות חזית בצד,0,0,0,0,3,0,3,2,2,לא-עירונית לא בצומת,עיגון מדויק,4,0,,1,31,15.1,0,0,0,,
2008,מרס,רביעי,יום,קלה,התנגשות חזית באחור,0,0,0,0,1,0,1,2,2,לא-עירונית לא בצומת,עיגון מדויק,4,0,,2,31,27.4,0,0,0,,
2008,נובמבר,רביעי,יום,קשה,פגיעה בהולך רגל,0,1,1,1,0,0,1,1,1,לא-עירונית לא בצומת,עיגון מדויק,4,0,,1,31,31.1,0,0,0,,
2008,פברואר,שישי,יום,קלה,פגיעה בהולך רגל,0,0,1,0,1,0,1,1,1,לא-עירונית לא בצומת,עיגון מדויק,4,0,,1,31,20.8,0,0,0,,
2008,מאי,ראשון,יום,קלה,התנגשות צד בצד,0,0,0,0,3,0,3,2,2,לא-עירונית לא בצומת,עיגון מדויק,4,0,,1,31,25.9,0,0,0,,
2008,אוקטובר,ראשון,יום,קלה,התנגשות עם עצם דומם,0,0,0,0,1,0,1,1,1,לא-עירונית לא בצומת,עיגון מדויק,4,0,,3,31,18.1,0,0,0,,
2008,אוגוסט,חמישי,יום,קלה,התהפכות,0,0,0,0,1,0,1,1,1,לא-עירונית לא בצומת,עיגון מדויק,4,0,,1,31,70.5,0,0,0,,
2008,נובמבר,חמישי,יום,קלה,התנגשות חזית בצד,0,0,0,0,1,1,2,2,2,לא-עירונית לא בצומת,עיגון מדויק,4,0,,1,31,18.4,0,0,0,,
2008,ספטמבר,רביעי,יום,קשה,פגיעה בהולך רגל,0,1,1,1,1,0,2,1,1,לא-עירונית לא בצומת,עיגון מדויק,4,0,,1,31,22.9,0,0,0,,
2008,נובמבר,שבת,יום,קטלנית,התנגשות צד בצד,1,0,0,0,1,0,1,2,2,לא-עירונית לא בצומת,עיגון מדויק,4,0,,1,31,62.4,0,0,0,,
2008,ספטמבר,שלישי,יום,קלה,התנגשות חזית בצד,0,0,0,0,2,0,2,2,2,לא-עירונית לא בצומת,עיגון מדויק,4,0,,1,31,17.1,0,0,0,,
2008,פברואר,ראשון,יום,קלה,התנגשות חזית באחור,0,0,0,0,2,0,2,2,2,לא-עירונית לא בצומת,עיגון מדויק,4,0,,1,31,13.1,0,0,0,,
2008,ספטמבר,שבת,יום,קלה,התהפכות,0,0,0,4,1,0,5,1,1,לא-עירונית לא בצומת,עיגון מדויק,4,0,,1,31,29.1,0,0,0,,
2008,יוני,שישי,יום,קשה,ירידה מהכביש או עלייה למדרכה,0,2,0,0,3,1,4,1,1,לא-עירונית לא בצומת,מרכז דרך,4,0,,2,31,6.1,0,0,0,,
2008,יוני,שישי,יום,קלה,התנגשות חזית בצד,0,0,0,5,5,0,10,2,2,לא-עירונית לא בצומת,עיגון מדויק,4,0,,1,31,19.5,0,0,0,,
2008,אוקטובר,שישי,לילה,קלה,התנגשות חזית בצד,0,0,0,0,2,0,2,2,2,לא-עירונית לא בצומת,עיגון מדויק,4,0,,3,31,18.1,0,0,0,,
2008,אפריל,חמישי,יום,קלה,התנגשות צד בצד,0,0,0,0,1,0,1,2,2,לא-עירונית לא בצומת,עיגון מדויק,4,0,,1,31,28.5,0,0,0,,
2008,פברואר,שישי,לילה,קשה,פגיעה בהולך רגל,0,1,1,0,1,0,1,1,1,לא-עירונית לא בצומת,עיגון מדויק,4,0,,1,31,19.2,0,0,0,,
2008,פברואר,שני,לילה,קלה,התנגשות חזית בצד,0,0,0,0,4,0,4,2,2,לא-עירונית לא בצומת,עיגון מדויק,4,0,,1,31,63.6,0,0,0,,
2008,פברואר,חמישי,לילה,קשה,פגיעה בהולך רגל,0,1,1,1,0,0,1,1,1,לא-עירונית לא בצומת,עיגון מדויק,4,0,,1,31,20.1,0,0,0,,
2008,מרס,ראשון,לילה,קלה,התנגשות חזית בחזית,0,0,0,1,3,0,4,5,5,לא-עירונית לא בצומת,עיגון מדויק,4,0,,2,31,27.4,0,0,0,,
2008,מאי,שלישי,לילה,קלה,התנגשות חזית בצד,0,0,0,3,1,0,4,2,2,לא-עירונית לא בצומת,עיגון מדויק,4,0,,1,31,14.5,0,0,0,,
2008,אוגוסט,שני,לילה,קטלנית,התנגשות חזית בחזית,1,2,0,2,5,0,7,4,4,לא-עירונית לא בצומת,עיגון מדויק,4,0,,1,31,17.5,0,0,0,,
2008,יולי,חמישי,לילה,קלה,התנגשות חזית בצד,0,0,0,0,8,0,8,2,2,לא-עירונית לא בצומת,עיגון מדויק,4,0,,3,31,18.1,0,0,0,,
2008,מרס,שבת,לילה,קשה,התנגשות חזית בצד,0,1,2,1,4,0,5,3,3,לא-עירונית לא בצומת,עיגון מדויק,4,0,,1,31,22.3,0,0,0,,
2008,יולי,רביעי,לילה,קלה,התהפכות,0,0,0,0,0,0,1,1,1,לא-עירונית לא בצומת,עיגון מדויק,4,0,,1,31,53.2,0,0,0,,
2008,דצמבר,רביעי,לילה,קטלנית,פגיעה בהולך רגל,1,0,1,0,1,0,1,1,1,לא-עירונית לא בצומת,עיגון מדויק,4,0,,1,31,22.2,0,0,0,,
2009,יולי,שבת,לילה,קלה,התנגשות חזית בצד,0,0,0,0,3,1,4,2,2,לא-עירונית בצומת,עיגון מדויק,3,0,,6,31,0,60,0,0,,
2009,אוגוסט,רביעי,לילה,קשה,התנגשות חזית בצד,0,1,0,1,7,0,8,3,3,לא-עירונית בצומת,עיגון מדויק,3,0,,6,31,0,60,0,0,,
2009,ינואר,רביעי,יום,קלה,התנגשות חזית בצד,0,0,0,0,0,2,2,2,2,לא-עירונית בצומת,עיגון מדויק,3,0,,3,31,0,0,0,0,,
2009,ינואר,ראשון,יום,קלה,התנגשות חזית בצד,0,0,0,0,1,0,1,2,2,לא-עירונית בצומת,עיגון מדויק,3,0,,4,31,0,0,0,0,,
2009,ינואר,רביעי,יום,קלה,התנגשות צד בצד,0,0,0,0,3,0,3,3,3,לא-עירונית בצומת,עיגון מדויק,3,0,,2,6,0,31,358,0,,
2009,מאי,שישי,יום,קלה,התנגשות חזית בצד,0,0,0,0,1,0,1,2,2,לא-עירונית בצומת,עיגון מדויק,3,0,,3,31,0,0,0,0,,
2009,יולי,שישי,יום,קלה,התנגשות חזית בצד,0,0,0,0,1,0,1,2,2,לא-עירונית בצומת,עיגון מדויק,3,0,,6,31,0,60,0,0,,
2009,פברואר,רביעי,יום,קלה,התנגשות חזית בצד,0,0,0,0,2,0,2,2,2,לא-עירונית בצומת,עיגון מדויק,3,0,,3,31,0,0,0,0,,
2009,אפריל,חמישי,יום,קלה,התנגשות חזית בצד,0,0,0,5,4,0,9,3,3,לא-עירונית בצומת,עיגון מדויק,3,0,,4,31,0,0,0,0,,
2009,אפריל,רביעי,יום,קלה,התנגשות חזית בצד,0,0,0,1,4,0,5,2,2,לא-עירונית בצומת,עיגון מדויק,3,0,,2,31,0,0,0,0,,
2009,ינואר,שלישי,יום,קלה,התנגשות חזית בצד,0,0,0,0,5,0,5,2,2,לא-עירונית בצומת,עיגון מדויק,3,0,,4,31,0,0,0,0,,
2009,יוני,שבת,יום,קלה,התנגשות חזית בצד,0,0,0,0,3,0,3,2,2,לא-עירונית בצומת,מרכז דרך,3,0,,5,31,0,0,0,0,,
2009,מרס,חמישי,יום,קלה,התנגשות חזית בחזית,0,0,0,0,3,0,3,2,2,לא-עירונית בצומת,מרכז דרך,3,0,,5,31,0,0,0,0,,
2009,נובמבר,ראשון,לילה,קלה,התנגשות חזית בצד,0,0,0,2,2,0,4,2,2,לא-עירונית בצומת,עיגון מדויק,3,0,,6,31,0,60,0,0,,
2009,אוקטובר,שבת,לילה,קלה,התנגשות חזית בצד,0,0,0,0,4,0,4,2,2,לא-עירונית בצומת,עיגון מדויק,3,0,,4,31,0,0,0,0,,
2009,מאי,רביעי,יום,קלה,התנגשות חזית בצד,0,0,0,0,5,0,5,2,2,לא-עירונית בצומת,עיגון מדויק,3,0,,2,31,0,0,0,0,,
2009,אוגוסט,שבת,יום,קלה,פגיעה בהולך רגל,0,0,1,1,0,0,1,1,1,לא-עירונית בצומת,עיגון מדויק,3,0,,1,31,0,0,0,0,,
2009,אוגוסט,שני,לילה,קלה,התנגשות חזית בצד,0,0,0,0,1,0,1,2,2,לא-עירונית בצומת,עיגון מדויק,3,0,,6,31,0,60,0,0,,
2009,מרס,רביעי,לילה,קשה,התנגשות חזית בצד,0,1,0,2,1,0,3,2,2,לא-עירונית בצומת,עיגון מדויק,3,0,,2,6,0,31,358,0,,
2009,אוגוסט,רביעי,לילה,קלה,התנגשות חזית בצד,0,0,0,0,4,1,5,2,2,לא-עירונית בצומת,מרכז דרך,3,0,,5,31,0,0,0,0,,
2009,ספטמבר,שישי,לילה,קלה,התנגשות חזית בצד,0,0,0,0,2,0,2,2,2,לא-עירונית בצומת,עיגון מדויק,3,0,,6,31,0,60,0,0,,
2009,אפריל,רביעי,לילה,קטלנית,התנגשות חזית בחזית,1,0,0,0,3,0,3,2,2,לא-עירונית לא בצומת,עיגון מדויק,4,0,,1,31,43.5,0,0,0,,
2009,אוגוסט,שישי,לילה,קלה,התהפכות,0,0,0,0,3,0,3,1,1,לא-עירונית לא בצומת,עיגון מדויק,4,0,,1,31,3.4,0,0,0,,
2009,אוקטובר,שישי,לילה,קלה,התנגשות חזית בצד,0,0,0,0,2,0,2,2,2,לא-עירונית לא בצומת,עיגון מדויק,4,0,,2,31,65.1,0,0,0,,
2009,אפריל,רביעי,לילה,קטלנית,פגיעה בהולך רגל,1,0,1,0,1,0,1,1,1,לא-עירונית לא בצומת,עיגון מדויק,4,0,,1,31,20.4,0,0,0,,
2009,אפריל,ראשון,לילה,קלה,התנגשות חזית בצד,0,0,0,0,2,0,2,2,2,לא-עירונית לא בצומת,עיגון מדויק,4,0,,1,31,16.1,0,0,0,,
2009,נובמבר,שישי,יום,קלה,התנגשות צד בצד,0,0,0,0,1,0,1,4,4,לא-עירונית לא בצומת,עיגון מדויק,4,0,,1,31,27.8,0,0,0,,
2009,מאי,חמישי,יום,קלה,התנגשות חזית באחור,0,0,0,0,2,0,2,2,2,לא-עירונית לא בצומת,עיגון מדויק,4,0,,1,31,12.5,0,0,0,,
2009,אפריל,חמישי,יום,קטלנית,פגיעה בהולך רגל,1,0,1,1,0,0,1,1,1,לא-עירונית לא בצומת,עיגון מדויק,4,0,,1,31,21.1,0,0,0,,
2009,יולי,שבת,יום,קשה,התהפכות,0,1,0,0,1,0,1,1,1,לא-עירונית לא בצומת,עיגון מדויק,4,0,,2,31,69.2,0,0,0,,
2009,יולי,שבת,יום,קלה,התהפכות,0,0,0,0,2,0,2,1,1,לא-עירונית לא בצומת,עיגון מדויק,4,0,,1,31,56.2,0,0,0,,
2009,מרס,ראשון,יום,קלה,התנגשות צד בצד,0,0,0,0,1,0,1,2,2,לא-עירונית לא בצומת,עיגון מדויק,4,0,,1,31,72.1,0,0,0,,
2009,דצמבר,ראשון,יום,קלה,התהפכות,0,0,0,0,1,0,1,1,1,לא-עירונית לא בצומת,עיגון מדויק,4,0,,1,31,53.5,0,0,0,,
2009,דצמבר,ראשון,יום,קלה,התנגשות חזית באחור,0,0,0,0,1,0,1,2,2,לא-עירונית לא בצומת,עיגון מדויק,4,0,,1,31,35.5,0,0,0,,
2009,פברואר,חמישי,יום,קשה,התנגשות חזית בצד,0,1,0,0,2,0,2,2,2,לא-עירונית לא בצומת,מרכז דרך,4,0,,5,31,9.3,0,0,0,,
2009,מרס,ראשון,יום,קלה,התנגשות חזית בחזית,0,0,0,0,2,0,2,2,2,לא-עירונית לא בצומת,עיגון מדויק,4,0,,2,31,65.1,0,0,0,,
2009,פברואר,ראשון,יום,קלה,התנגשות חזית בצד,0,0,0,1,1,0,2,2,2,לא-עירונית לא בצומת,עיגון מדויק,4,0,,1,31,35.3,0,0,0,,
2009,ספטמבר,חמישי,יום,קטלנית,פגיעה בהולך רגל,1,0,1,1,4,0,5,1,1,לא-עירונית לא בצומת,עיגון מדויק,4,0,,1,31,23.1,0,0,0,,
2009,פברואר,שישי,יום,קלה,פגיעה בהולך רגל,0,0,1,1,0,0,1,1,1,לא-עירונית לא בצומת,עיגון מדויק,4,0,,1,31,20.1,0,0,0,,
2009,אפריל,רביעי,יום,קשה,התנגשות חזית בחזית,0,1,0,2,3,0,5,2,2,לא-עירונית לא בצומת,עיגון מדויק,4,0,,1,31,45.5,0,0,0,,
2009,דצמבר,רביעי,יום,קשה,התהפכות,0,1,0,2,1,1,4,1,1,לא-עירונית לא בצומת,עיגון מדויק,4,0,,1,31,11.5,0,0,0,,
2009,ינואר,שבת,יום,קשה,פגיעה בהולך רגל,0,1,1,1,0,0,1,1,1,לא-עירונית לא בצומת,עיגון מדויק,4,0,,1,31,30.1,0,0,0,,
2009,פברואר,שישי,יום,קשה,החלקה,0,1,0,0,1,0,1,1,1,לא-עירונית לא בצומת,עיגון מדויק,4,0,,2,31,69.2,0,0,0,,
2009,יולי,חמישי,יום,קטלנית,התנגשות חזית באחור,2,0,0,0,2,0,2,2,2,לא-עירונית לא בצומת,עיגון מדויק,4,0,,1,31,32.5,0,0,0,,
2009,נובמבר,ראשון,יום,קלה,התנגשות חזית בצד,0,0,0,0,3,0,3,2,2,לא-עירונית לא בצומת,עיגון מדויק,4,0,,1,31,31.1,0,0,0,,
2009,נובמבר,שבת,לילה,קלה,התנגשות חזית בצד,0,0,0,0,2,0,2,2,2,לא-עירונית לא בצומת,עיגון מדויק,4,0,,1,31,20.5,0,0,0,,
2009,דצמבר,שני,לילה,קטלנית,התנגשות חזית באחור,1,2,0,2,4,1,7,4,4,לא-עירונית לא בצומת,מרכז קילומטר,4,0,,1,31,3,0,0,0,,
2009,אוקטובר,רביעי,לילה,קלה,התנגשות חזית בצד,0,0,0,2,6,0,8,2,2,לא-עירונית לא בצומת,מרכז דרך,4,0,,5,31,7.1,0,0,0,,
2009,דצמבר,שבת,לילה,קלה,התנגשות חזית באחור,0,0,0,2,5,0,7,2,2,לא-עירונית לא בצומת,עיגון מדויק,4,0,,2,31,18.1,0,0,0,,
2009,מאי,ראשון,יום,קלה,התנגשות חזית בצד,0,0,0,0,1,1,2,2,2,לא-עירונית לא בצומת,עיגון מדויק,4,0,,1,31,34.3,0,0,0,,
2009,אוקטובר,שישי,לילה,קלה,התנגשות חזית באחור,0,0,0,3,2,0,5,2,2,לא-עירונית לא בצומת,עיגון מדויק,4,0,,1,31,12.2,0,0,0,,
2009,ינואר,חמישי,לילה,קטלנית,התנגשות חזית בצד,2,0,0,0,2,0,2,2,2,לא-עירונית לא בצומת,עיגון מדויק,4,0,,1,31,18.2,0,0,0,,
2009,אוקטובר,שבת,לילה,קלה,התנגשות חזית בצד,0,0,0,5,4,0,9,2,2,לא-עירונית לא בצומת,עיגון מדויק,4,0,,1,31,18.5,0,0,0,,
2009,אוקטובר,רביעי,לילה,קלה,התנגשות צד בצד,0,0,0,1,4,0,5,2,2,לא-עירונית לא בצומת,עיגון מדויק,4,0,,1,31,66.2,0,0,0,,
2009,אוקטובר,שני,לילה,קלה,התנגשות חזית בחזית,0,0,0,1,1,0,2,2,2,לא-עירונית לא בצומת,עיגון מדויק,4,0,,2,31,18.1,0,0,0,,
2009,ספטמבר,חמישי,לילה,קשה,פגיעה בהולך רגל,0,1,1,1,0,0,1,1,1,לא-עירונית לא בצומת,עיגון מדויק,4,0,,1,31,19,0,0,0,,
2009,אוקטובר,שישי,לילה,קלה,התנגשות חזית באחור,0,0,0,0,1,0,1,2,2,לא-עירונית לא בצומת,עיגון מדויק,4,0,,1,31,12.8,0,0,0,,
2009,יולי,חמישי,לילה,קשה,התנגשות חזית בצד,0,1,0,0,1,0,1,2,2,לא-עירונית לא בצומת,עיגון מדויק,4,0,,1,31,19.9,0,0,0,,
2009,אפריל,שלישי,לילה,קשה,פגיעה בהולך רגל,0,1,1,1,0,0,1,1,1,לא-עירונית לא בצומת,עיגון מדויק,4,0,,1,31,3.1,0,0,0,,
2009,דצמבר,חמישי,לילה,קטלנית,התנגשות חזית בצד,1,0,0,4,4,0,8,2,2,לא-עירונית לא בצומת,עיגון מדויק,4,0,,1,31,21.5,0,0,0,,
2009,אפריל,שני,לילה,קלה,אחר,0,0,0,0,1,0,1,1,1,לא-עירונית לא בצומת,עיגון מדויק,4,0,,1,31,30.5,0,0,0,,
2009,אפריל,חמישי,לילה,קלה,התנגשות חזית בצד,0,0,0,0,4,2,6,2,2,לא-עירונית לא בצומת,עיגון מדויק,4,0,,1,31,3.8,0,0,0,,
2009,יוני,רביעי,לילה,קשה,התנגשות חזית בצד,0,1,0,2,3,0,5,2,2,לא-עירונית לא בצומת,עיגון מדויק,4,0,,1,31,31.8,0,0,0,,
2009,פברואר,שבת,לילה,קטלנית,התנגשות צד בצד,1,0,0,0,1,2,3,2,2,לא-עירונית לא בצומת,עיגון מדויק,4,0,,1,31,12.1,0,0,0,,
2009,אפריל,שישי,לילה,קלה,התנגשות עם עצם דומם,0,0,0,0,1,0,1,1,1,לא-עירונית לא בצומת,עיגון מדויק,4,0,,1,31,5.2,0,0,0,,
2009,ינואר,שישי,לילה,קשה,פגיעה בהולך רגל,0,1,1,1,1,0,2,1,1,לא-עירונית לא בצומת,עיגון מדויק,4,0,,1,31,15.8,0,0,0,,
2009,אוגוסט,שישי,לילה,קשה,התנגשות צד בצד,0,1,0,0,2,0,2,2,2,לא-עירונית לא בצומת,עיגון מדויק,4,0,,1,31,27.5,0,0,0,,
2009,אוקטובר,שבת,לילה,קלה,התנגשות עם עצם דומם,0,0,0,1,0,0,1,2,2,לא-עירונית לא בצומת,עיגון מדויק,4,0,,1,31,25.1,0,0,0,,
2010,אוגוסט,שני,יום,קלה,התנגשות חזית בצד,0,0,0,1,2,0,3,2,2,לא-עירונית בצומת,עיגון מדויק,3,0,,2,31,0,0,0,0,,
2010,ספטמבר,ראשון,יום,קלה,התנגשות חזית בצד,0,0,0,0,0,1,1,2,2,לא-עירונית בצומת,עיגון מדויק,3,0,,3,6,0,31,358,0,,
2010,אפריל,ראשון,יום,קלה,התנגשות חזית בצד,0,0,0,0,1,0,1,2,2,לא-עירונית בצומת,עיגון מדויק,3,0,,3,6,0,31,358,0,,
2010,דצמבר,שני,יום,קלה,התנגשות חזית בצד,0,0,0,0,2,0,2,2,2,לא-עירונית בצומת,עיגון מדויק,3,0,,6,31,0,60,0,0,,
2010,ינואר,שני,יום,קלה,התנגשות חזית באחור,0,0,0,0,1,0,1,3,3,לא-עירונית בצומת,עיגון מדויק,3,0,,6,31,0,60,0,0,,
2010,אפריל,שני,יום,קלה,התנגשות חזית בצד,0,0,0,0,1,0,1,2,2,לא-עירונית בצומת,עיגון מדויק,3,0,,2,31,0,0,0,0,,
2010,מרס,שני,יום,קלה,התנגשות חזית בצד,0,0,0,0,1,2,3,2,2,לא-עירונית בצומת,עיגון מדויק,3,0,,2,31,0,0,0,0,,
2010,מרס,שבת,לילה,קשה,התנגשות חזית בחזית,0,1,0,0,7,0,7,2,2,לא-עירונית בצומת,עיגון מדויק,3,0,,3,6,0,31,358,0,,
2010,פברואר,שלישי,לילה,קלה,התנגשות חזית בצד,0,0,0,0,1,0,1,2,2,לא-עירונית בצומת,עיגון מדויק,3,0,,6,31,0,60,0,0,,
2010,אפריל,שלישי,לילה,קלה,התנגשות חזית בצד,0,0,0,0,3,0,3,3,3,לא-עירונית בצומת,עיגון מדויק,3,0,,2,31,0,0,0,0,,
2010,פברואר,רביעי,לילה,קלה,התנגשות חזית בצד,0,0,0,1,1,0,2,2,2,לא-עירונית בצומת,עיגון מדויק,3,0,,6,31,0,60,0,0,,
2010,אפריל,שישי,לילה,קלה,התנגשות חזית בצד,0,0,0,2,2,0,4,2,2,לא-עירונית בצומת,עיגון מדויק,3,0,,6,31,0,60,0,0,,
2010,ספטמבר,ראשון,לילה,קלה,התנגשות חזית בצד,0,0,0,0,1,0,1,2,2,לא-עירונית בצומת,עיגון מדויק,3,0,,6,31,0,60,0,0,,
2010,אוגוסט,שלישי,לילה,קלה,התנגשות חזית בצד,0,0,0,0,1,0,1,2,2,לא-עירונית לא בצומת,עיגון מדויק,4,0,,1,31,12,0,0,0,,
2010,מאי,שישי,לילה,קטלנית,התנגשות חזית בצד,2,0,0,0,4,0,4,2,2,לא-עירונית לא בצומת,עיגון מדויק,4,0,,1,31,62,0,0,0,,
2010,יולי,שלישי,לילה,קטלנית,התנגשות חזית בחזית,1,0,0,0,2,0,2,2,2,לא-עירונית לא בצומת,עיגון מדויק,4,0,,2,31,13,0,0,0,,
2010,דצמבר,חמישי,לילה,קלה,התהפכות,0,0,0,1,0,0,1,1,1,לא-עירונית לא בצומת,עיגון מדויק,4,0,,1,31,48,0,0,0,,
2010,ינואר,חמישי,לילה,קטלנית,התנגשות עם עצם דומם,1,0,0,0,1,0,1,1,1,לא-עירונית לא בצומת,עיגון מדויק,4,0,,1,31,70.6,0,0,0,,
2010,מאי,שני,לילה,קלה,התנגשות חזית בצד,0,0,0,0,1,0,1,2,2,לא-עירונית לא בצומת,עיגון מדויק,4,0,,2,31,47,0,0,0,,
2010,אוגוסט,רביעי,לילה,קלה,התנגשות חזית בחזית,0,0,0,0,2,0,2,2,2,לא-עירונית לא בצומת,עיגון מדויק,4,0,,1,31,3,0,0,0,,
2010,אוגוסט,רביעי,לילה,קלה,התנגשות חזית בצד,0,0,0,0,2,0,2,2,2,לא-עירונית לא בצומת,עיגון מדויק,4,0,,1,31,55,0,0,0,,
2010,יוני,רביעי,יום,קלה,החלקה,0,0,0,0,1,0,1,1,1,לא-עירונית לא בצומת,עיגון מדויק,4,0,,1,31,29,0,0,0,,
2010,נובמבר,רביעי,יום,קשה,פגיעה בהולך רגל,0,1,1,1,0,0,1,2,2,לא-עירונית לא בצומת,עיגון מדויק,4,0,,3,31,21,0,0,0,,
2010,ספטמבר,רביעי,יום,קשה,התהפכות,0,1,0,0,0,1,1,1,1,לא-עירונית לא בצומת,עיגון מדויק,4,0,,1,31,59,0,0,0,,
2010,דצמבר,שבת,יום,קלה,התנגשות חזית בחזית,0,0,0,0,1,0,1,2,2,לא-עירונית לא בצומת,עיגון מדויק,4,0,,2,31,40,0,0,0,,
2010,ינואר,שבת,יום,קשה,החלקה,0,1,0,0,1,0,1,1,1,לא-עירונית לא בצומת,עיגון מדויק,4,0,,2,31,56,0,0,0,,
2010,יוני,שלישי,יום,קלה,התנגשות חזית באחור,0,0,0,0,2,0,2,3,3,לא-עירונית לא בצומת,עיגון מדויק,4,0,,1,31,45.7,0,0,0,,
2010,ספטמבר,שישי,יום,קלה,התנגשות חזית בצד,0,0,0,1,1,0,2,2,2,לא-עירונית לא בצומת,עיגון מדויק,4,0,,5,31,20,0,0,0,,
2010,פברואר,שישי,יום,קלה,התנגשות חזית בצד,0,0,0,0,1,0,1,2,2,לא-עירונית לא בצומת,עיגון מדויק,4,0,,3,31,21,0,0,0,,
2010,מאי,שלישי,יום,קלה,התנגשות חזית בצד,0,0,0,0,4,0,4,2,2,לא-עירונית לא בצומת,עיגון מדויק,4,0,,2,31,47,0,0,0,,
2010,יוני,שבת,יום,קלה,התהפכות,0,0,0,0,5,0,5,1,1,לא-עירונית לא בצומת,עיגון מדויק,4,0,,2,31,34,0,0,0,,
2010,ספטמבר,שני,יום,קלה,התנגשות חזית בצד,0,0,0,0,3,0,3,3,3,לא-עירונית לא בצומת,עיגון מדויק,4,0,,1,31,26,0,0,0,,
2010,אפריל,ראשון,יום,קלה,התנגשות חזית בצד,0,0,0,1,1,0,2,2,2,לא-עירונית לא בצומת,עיגון מדויק,4,0,,1,31,14,0,0,0,,
2010,מרס,שבת,יום,קשה,התהפכות,0,1,0,0,1,0,1,1,1,לא-עירונית לא בצומת,עיגון מדויק,4,0,,1,31,43,0,0,0,,
2010,אוקטובר,שבת,יום,קטלנית,פגיעה בהולך רגל,1,0,1,1,0,0,1,1,1,לא-עירונית לא בצומת,עיגון מדויק,4,0,,5,31,20,0,0,0,,
2010,אוקטובר,שלישי,יום,קלה,התנגשות חזית בצד,0,0,0,0,3,0,3,2,2,לא-עירונית לא בצומת,עיגון מדויק,4,0,,5,31,20,0,0,0,,
2010,יולי,שישי,יום,קלה,התנגשות חזית בצד,0,0,0,1,1,0,2,2,2,לא-עירונית לא בצומת,מרכז דרך,4,0,,4,31,11,0,0,0,,
2010,ספטמבר,ראשון,יום,קלה,התנגשות חזית בצד,0,0,0,2,2,0,4,2,2,לא-עירונית לא בצומת,עיגון מדויק,4,0,,5,31,19,0,0,0,,
2010,מרס,רביעי,יום,קלה,התנגשות חזית בצד,0,0,0,0,2,0,2,2,2,לא-עירונית לא בצומת,עיגון מדויק,4,0,,5,31,19,0,0,0,,
2010,אוגוסט,שני,יום,קלה,התנגשות חזית בצד,0,0,0,0,3,0,3,2,2,לא-עירונית לא בצומת,עיגון מדויק,4,0,,1,31,47.7,0,0,0,,
2010,אפריל,רביעי,יום,קלה,התנגשות צד בצד,0,0,0,0,1,0,1,2,2,לא-עירונית לא בצומת,מרכז דרך,4,0,,4,31,10.4,0,0,0,,
2010,מאי,שלישי,יום,קלה,התנגשות חזית בצד,0,0,0,1,1,0,2,2,2,לא-עירונית לא בצומת,עיגון מדויק,4,0,,1,31,22,0,0,0,,
2010,אוקטובר,ראשון,לילה,קלה,התנגשות חזית בצד,0,0,0,0,7,0,8,2,2,לא-עירונית לא בצומת,עיגון מדויק,4,0,,2,31,13,0,0,0,,
2010,נובמבר,חמישי,לילה,קטלנית,פגיעה בהולך רגל,1,0,1,1,1,0,2,1,1,לא-עירונית לא בצומת,עיגון מדויק,4,0,,5,31,19,0,0,0,,
2010,מאי,שבת,יום,קלה,התנגשות חזית בחזית,0,0,0,1,2,0,3,2,2,לא-עירונית לא בצומת,עיגון מדויק,4,0,,3,31,21,0,0,0,,
2010,ינואר,שלישי,לילה,קלה,התהפכות,0,0,0,0,1,0,1,1,1,לא-עירונית לא בצומת,עיגון מדויק,4,0,,1,31,15.4,0,0,0,,
2010,ינואר,שישי,לילה,קלה,התנגשות צד בצד,0,0,0,0,3,0,3,2,2,לא-עירונית לא בצומת,מרכז דרך,4,0,,4,31,8.1,0,0,0,,
2010,ינואר,שבת,לילה,קלה,התנגשות חזית בצד,0,0,0,0,2,0,2,2,2,לא-עירונית לא בצומת,עיגון מדויק,4,0,,1,31,20.5,0,0,0,,
2010,ספטמבר,רביעי,לילה,קלה,התנגשות חזית בחזית,0,0,0,0,1,0,1,2,2,לא-עירונית לא בצומת,עיגון מדויק,4,0,,1,31,58,0,0,0,,
2010,נובמבר,שלישי,לילה,קלה,התנגשות חזית בחזית,0,0,0,1,3,0,4,2,2,לא-עירונית לא בצומת,עיגון מדויק,4,0,,2,31,32,0,0,0,,
2010,נובמבר,רביעי,לילה,קשה,פגיעה בהולך רגל,0,1,1,1,0,0,1,1,1,לא-עירונית לא בצומת,עיגון מדויק,4,0,,5,31,20,0,0,0,,
2010,פברואר,שלישי,לילה,קטלנית,התנגשות חזית בצד,1,0,0,0,1,1,2,2,2,לא-עירונית לא בצומת,עיגון מדויק,4,0,,1,31,33,0,0,0,,
2010,מאי,ראשון,לילה,קלה,התהפכות,0,0,0,2,1,0,3,1,1,לא-עירונית לא בצומת,עיגון מדויק,4,0,,2,31,32,0,0,0,,
2010,מרס,שבת,לילה,קשה,התנגשות חזית בחזית,0,2,0,1,5,0,6,2,2,לא-עירונית לא בצומת,עיגון מדויק,4,0,,1,31,30.7,0,0,0,,
2010,אוקטובר,ראשון,לילה,קלה,התנגשות חזית באחור,0,0,0,0,2,0,2,2,2,לא-עירונית לא בצומת,עיגון מדויק,4,0,,2,31,34,0,0,0,,
2010,מאי,שישי,לילה,קלה,התנגשות חזית בחזית,0,0,0,0,2,0,2,2,2,לא-עירונית לא בצומת,עיגון מדויק,4,0,,2,31,40,0,0,0,,
2010,מרס,שבת,לילה,קשה,התהפכות,0,2,0,0,2,0,2,1,1,לא-עירונית לא בצומת,עיגון מדויק,4,0,,2,31,56,0,0,0,,
2010,אוגוסט,שישי,לילה,קלה,התנגשות עם עצם דומם,0,0,0,0,2,0,2,1,1,לא-עירונית לא בצומת,עיגון מדויק,4,0,,5,31,19,0,0,0,,
2010,נובמבר,רביעי,לילה,קלה,התנגשות חזית בצד,0,0,0,1,2,0,3,2,2,לא-עירונית לא בצומת,עיגון מדויק,4,0,,5,31,20,0,0,0,,
2010,מרס,חמישי,לילה,קשה,התנגשות חזית בחזית,0,1,0,2,2,0,4,2,2,לא-עירונית לא בצומת,מרכז דרך,4,0,,4,31,7,0,0,0,,
2010,נובמבר,שבת,לילה,קטלנית,התנגשות חזית בחזית,1,1,0,0,9,0,9,3,3,לא-עירונית לא בצומת,עיגון מדויק,4,0,,5,31,19,0,0,0,,
2011,מרס,שלישי,יום,קלה,התנגשות חזית בצד,0,0,0,0,1,0,1,2,2,לא-עירונית בצומת,עיגון מדויק,3,0,,4,31,0,80,0,0,,
2011,ספטמבר,ראשון,לילה,קטלנית,התנגשות חזית בצד,2,2,0,3,3,0,6,2,2,לא-עירונית בצומת,עיגון מדויק,3,0,,4,31,0,80,0,0,,
2011,אוקטובר,שבת,יום,קלה,התנגשות חזית בצד,0,0,0,0,1,0,1,2,2,לא-עירונית בצומת,עיגון מדויק,3,0,,1,31,0,90,0,0,,
2011,מאי,שבת,יום,קלה,התנגשות חזית בצד,0,0,0,0,1,0,1,2,2,לא-עירונית בצומת,עיגון מדויק,3,0,,4,31,0,80,0,0,,
2011,יוני,חמישי,יום,קלה,התנגשות חזית בצד,0,0,0,3,4,0,7,2,2,לא-עירונית בצומת,עיגון מדויק,3,0,,2,6,0,31,358,0,,
2011,דצמבר,שלישי,לילה,קלה,התנגשות חזית בצד,0,0,0,0,4,0,4,2,2,לא-עירונית בצומת,עיגון מדויק,3,0,,4,31,0,80,0,0,,
2011,אוקטובר,שלישי,לילה,קלה,התנגשות חזית בצד,0,0,0,0,1,0,1,2,2,לא-עירונית בצומת,עיגון מדויק,3,0,,3,31,0,60,0,0,,
2011,דצמבר,שבת,לילה,קלה,התנגשות חזית בצד,0,0,0,0,1,0,1,2,2,לא-עירונית בצומת,עיגון מדויק,3,0,,2,6,0,31,358,0,,
2011,יוני,רביעי,לילה,קלה,התנגשות חזית בצד,0,0,0,0,1,0,1,2,2,לא-עירונית בצומת,עיגון מדויק,3,0,,3,31,0,60,0,0,,
2011,אוגוסט,רביעי,לילה,קלה,התנגשות חזית בצד,0,0,0,2,2,0,4,3,3,לא-עירונית בצומת,עיגון מדויק,3,0,,3,31,0,60,0,0,,
2011,דצמבר,ראשון,לילה,קשה,התנגשות חזית בצד,0,1,0,1,2,0,3,2,2,לא-עירונית לא בצומת,עיגון מדויק,4,0,,1,31,15,0,0,0,,
2011,דצמבר,שבת,לילה,קלה,התנגשות חזית בצד,0,0,0,1,4,0,5,2,2,לא-עירונית לא בצומת,עיגון מדויק,4,0,,1,31,72,0,0,0,,
2011,מאי,שבת,לילה,קטלנית,התנגשות חזית בצד,2,5,0,0,7,0,7,2,2,לא-עירונית לא בצומת,עיגון מדויק,4,0,,2,31,40,0,0,0,,
2011,מרס,חמישי,יום,קלה,התנגשות חזית בחזית,0,0,0,0,1,0,1,2,2,לא-עירונית לא בצומת,עיגון מדויק,4,0,,1,31,55,0,0,0,,
2011,יוני,שני,יום,קלה,התנגשות חזית בחזית,0,0,0,0,2,0,2,2,2,לא-עירונית לא בצומת,עיגון מדויק,4,0,,1,31,25,0,0,0,,
2011,ספטמבר,שבת,יום,קטלנית,התנגשות חזית בצד,3,0,0,2,1,0,3,2,2,לא-עירונית לא בצומת,עיגון מדויק,4,0,,1,31,28.1,0,0,0,,
2011,נובמבר,שישי,יום,קשה,פגיעה בהולך רגל,0,1,1,1,0,0,1,1,1,לא-עירונית לא בצומת,עיגון מדויק,4,0,,1,31,20,0,0,0,,
2011,ינואר,חמישי,יום,קלה,התנגשות צד בצד,0,0,0,0,2,0,2,2,2,לא-עירונית לא בצומת,עיגון מדויק,4,0,,3,31,19,0,0,0,,
2011,מאי,שבת,יום,קטלנית,החלקה,1,2,0,3,8,0,11,2,2,לא-עירונית לא בצומת,עיגון מדויק,4,0,,1,31,28,0,0,0,,
2011,פברואר,שבת,יום,קלה,התנגשות חזית בצד,0,0,0,0,2,0,2,2,2,לא-עירונית לא בצומת,עיגון מדויק,4,0,,1,31,43,0,0,0,,
2011,אוקטובר,ראשון,יום,קלה,התנגשות חזית בצד,0,0,0,0,1,1,2,2,2,לא-עירונית לא בצומת,עיגון מדויק,4,0,,1,31,18,0,0,0,,
2011,מרס,רביעי,יום,קלה,התנגשות צד בצד,0,0,0,0,2,0,2,2,2,לא-עירונית לא בצומת,עיגון מדויק,4,0,,1,31,14,0,0,0,,
2011,אפריל,שני,יום,קלה,התנגשות חזית בחזית,0,0,0,0,2,0,2,2,2,לא-עירונית לא בצומת,עיגון מדויק,4,0,,1,31,64,0,0,0,,
2011,ינואר,חמישי,יום,קטלנית,התנגשות חזית בחזית,1,2,0,0,5,0,5,2,2,לא-עירונית לא בצומת,עיגון מדויק,4,0,,1,31,12,0,0,0,,
2011,אפריל,ראשון,יום,קטלנית,התנגשות צד בצד,1,1,0,2,7,0,9,3,3,לא-עירונית לא בצומת,מרכז דרך,4,0,,2,31,9,0,0,0,,
2011,מרס,רביעי,יום,קלה,התנגשות חזית בצד,0,0,0,0,2,1,3,2,2,לא-עירונית לא בצומת,עיגון מדויק,4,0,,1,31,19.5,0,0,0,,
2011,אוגוסט,שלישי,יום,קשה,התנגשות חזית בצד,0,1,0,0,2,0,2,2,2,לא-עירונית לא בצומת,עיגון מדויק,4,0,,1,31,63,0,0,0,,
2011,מרס,חמישי,יום,קלה,התנגשות חזית בצד,0,0,0,0,1,0,1,2,2,לא-עירונית לא בצומת,עיגון מדויק,4,0,,1,31,48,0,0,0,,
2011,אוגוסט,שלישי,יום,קלה,התנגשות חזית בצד,0,0,0,1,2,0,3,2,2,לא-עירונית לא בצומת,עיגון מדויק,4,0,,2,31,40,0,0,0,,
2011,אפריל,חמישי,לילה,קלה,התנגשות חזית בחזית,0,0,0,1,3,0,4,3,3,לא-עירונית לא בצומת,עיגון מדויק,4,0,,3,31,19,0,0,0,,
2011,נובמבר,שלישי,לילה,קטלנית,פגיעה בהולך רגל,1,0,1,1,0,0,1,1,1,לא-עירונית לא בצומת,מרכז קילומטר,4,0,,1,31,30,0,0,0,,
2011,אוקטובר,רביעי,לילה,קלה,התנגשות חזית באחור,0,0,0,0,1,0,1,2,2,לא-עירונית לא בצומת,עיגון מדויק,4,0,,1,31,22,0,0,0,,
2011,ספטמבר,ראשון,לילה,קלה,התהפכות,0,0,0,1,0,0,1,2,2,לא-עירונית לא בצומת,עיגון מדויק,4,0,,1,31,21,0,0,0,,
2011,מרס,שלישי,לילה,קשה,התנגשות חזית בצד,0,1,0,0,1,0,1,2,2,לא-עירונית לא בצומת,עיגון מדויק,4,0,,1,31,24,0,0,0,,
2011,יוני,שבת,לילה,קשה,התנגשות צד בצד,0,1,0,0,1,0,1,2,2,לא-עירונית לא בצומת,מרכז דרך,4,0,,2,31,6,0,0,0,,
2011,יולי,ראשון,לילה,קלה,התנגשות חזית בצד,0,0,0,3,4,0,7,2,2,לא-עירונית לא בצומת,עיגון מדויק,4,0,,3,31,19,0,0,0,,
2011,מרס,חמישי,לילה,קלה,התנגשות חזית בצד,0,0,0,0,2,0,2,2,2,לא-עירונית לא בצומת,עיגון מדויק,4,0,,1,31,41,0,0,0,,
2012,ספטמבר,שני,לילה,קלה,התנגשות חזית בצד,0,0,0,0,4,1,5,2,2,לא-עירונית בצומת,עיגון מדויק,3,0,,4,31,0,60,0,0,,
2012,אוקטובר,שבת,יום,קלה,התהפכות,0,0,0,0,1,0,1,2,2,לא-עירונית בצומת,עיגון מדויק,3,0,,1,31,0,80,0,0,,
2012,מאי,שישי,יום,קטלנית,התנגשות חזית בצד,1,0,0,1,3,1,5,3,3,לא-עירונית בצומת,עיגון מדויק,3,0,,4,6,0,31,358,0,,
2012,דצמבר,שבת,יום,קלה,התנגשות חזית בצד,0,0,0,2,2,0,4,2,2,לא-עירונית בצומת,עיגון מדויק,3,0,,4,6,0,31,358,0,,
2012,יוני,שלישי,לילה,קלה,התנגשות חזית בחזית,0,0,0,0,1,0,1,2,2,לא-עירונית בצומת,עיגון מדויק,3,0,,4,6,0,31,358,0,,
2012,אפריל,שישי,לילה,קלה,התנגשות חזית בצד,0,0,0,1,4,0,5,3,3,לא-עירונית בצומת,עיגון מדויק,3,0,,4,6,0,31,358,0,,
2012,דצמבר,שלישי,לילה,קלה,התנגשות חזית בצד,0,0,0,0,14,0,14,2,2,לא-עירונית בצומת,עיגון מדויק,3,0,,4,31,0,60,0,0,,
2012,יוני,שלישי,לילה,קלה,התנגשות חזית בצד,0,0,0,2,4,0,6,2,2,לא-עירונית בצומת,עיגון מדויק,3,0,,4,31,0,60,0,0,,
2012,יוני,חמישי,לילה,קלה,התנגשות צד בצד,0,0,0,0,1,0,1,2,2,לא-עירונית בצומת,עיגון מדויק,3,0,,4,31,0,60,0,0,,
2012,יוני,שבת,לילה,קשה,התהפכות,0,1,0,1,2,0,3,1,1,לא-עירונית לא בצומת,עיגון מדויק,4,0,,2,31,62,0,0,0,,
2012,אפריל,שבת,לילה,קלה,התנגשות עם עצם דומם,0,0,0,0,2,0,2,1,1,לא-עירונית לא בצומת,עיגון מדויק,4,0,,2,31,21,0,0,0,,
2012,מאי,שישי,יום,קלה,התנגשות חזית בצד,0,0,0,0,2,0,2,2,2,לא-עירונית לא בצומת,עיגון מדויק,4,0,,2,31,45,0,0,0,,
2012,מרס,שלישי,יום,קלה,התנגשות צד בצד,0,0,0,0,3,0,3,2,2,לא-עירונית לא בצומת,עיגון מדויק,4,0,,1,31,24,0,0,0,,
2012,נובמבר,שישי,יום,קטלנית,התנגשות חזית בחזית,1,0,0,0,1,0,1,2,2,לא-עירונית לא בצומת,עיגון מדויק,4,0,,1,31,51,0,0,0,,
2012,נובמבר,שבת,יום,קלה,התנגשות חזית בצד,0,0,0,0,3,0,3,2,2,לא-עירונית לא בצומת,עיגון מדויק,4,0,,3,31,14,0,0,0,,
2012,מאי,שישי,יום,קלה,התנגשות חזית בצד,0,0,0,2,2,0,4,3,3,לא-עירונית לא בצומת,עיגון מדויק,4,0,,1,31,20,0,0,0,,
2012,אפריל,שני,יום,קלה,התנגשות חזית בצד,0,0,0,1,0,0,1,2,2,לא-עירונית לא בצומת,עיגון מדויק,4,0,,1,31,36,0,0,0,,
2012,מרס,ראשון,יום,קלה,התנגשות חזית בצד,0,0,0,0,2,0,2,2,2,לא-עירונית לא בצומת,עיגון מדויק,4,0,,3,31,14,0,0,0,,
2012,פברואר,שבת,יום,קלה,התנגשות חזית בצד,0,0,0,0,1,1,4,2,2,לא-עירונית לא בצומת,עיגון מדויק,4,0,,3,31,14,0,0,0,,
2012,אוגוסט,שבת,יום,קשה,החלקה,0,1,0,0,1,0,1,1,1,לא-עירונית לא בצומת,מרכז דרך,4,0,,3,31,10,0,0,0,,
2012,יוני,שני,יום,קלה,התנגשות חזית בצד,0,0,0,0,1,0,1,2,2,לא-עירונית לא בצומת,עיגון מדויק,4,0,,1,31,23,0,0,0,,
2012,דצמבר,שבת,יום,קשה,התנגשות עם עצם דומם,0,1,0,0,1,0,1,1,1,לא-עירונית לא בצומת,עיגון מדויק,4,0,,1,31,69,0,0,0,,
2012,יוני,שישי,יום,קלה,התנגשות חזית בחזית,0,0,0,1,1,0,2,2,2,לא-עירונית לא בצומת,עיגון מדויק,4,0,,2,31,45,0,0,0,,
2012,פברואר,שבת,יום,קשה,התנגשות עם רכב שנעצר ללא חניה,0,1,0,0,4,0,4,7,7,לא-עירונית לא בצומת,עיגון מדויק,4,0,,2,31,62,0,0,0,,
2012,אוקטובר,שני,יום,קטלנית,התנגשות חזית בצד,1,5,0,7,2,0,9,2,2,לא-עירונית לא בצומת,מרכז דרך,4,0,,3,31,7,0,0,0,,
2012,אוגוסט,רביעי,יום,קלה,התנגשות צד בצד,0,0,0,0,3,0,9,6,6,לא-עירונית לא בצומת,עיגון מדויק,4,0,,1,31,27,0,0,0,,
2012,אוגוסט,ראשון,יום,קשה,התנגשות חזית בצד,0,1,0,0,2,0,3,2,2,לא-עירונית לא בצומת,עיגון מדויק,4,0,,2,31,21,0,0,0,,
2012,פברואר,ראשון,יום,קלה,התנגשות חזית בצד,0,0,0,2,3,0,5,2,2,לא-עירונית לא בצומת,עיגון מדויק,4,0,,1,31,18.7,0,0,0,,
2012,מאי,ראשון,יום,קטלנית,התנגשות חזית בחזית,1,1,0,0,2,0,2,2,2,לא-עירונית לא בצומת,עיגון מדויק,4,0,,1,31,39,0,0,0,,
2012,דצמבר,שישי,יום,קטלנית,התנגשות חזית בצד,1,0,0,0,3,0,3,2,2,לא-עירונית לא בצומת,עיגון מדויק,4,0,,1,31,18,0,0,0,,
2012,פברואר,שני,יום,קלה,התנגשות חזית בצד,0,0,0,1,2,1,4,2,2,לא-עירונית לא בצומת,עיגון מדויק,4,0,,1,31,35,0,0,0,,
2012,אוגוסט,שישי,יום,קשה,פגיעה בהולך רגל,0,1,1,0,1,0,1,1,1,לא-עירונית לא בצומת,עיגון מדויק,4,0,,1,31,19,0,0,0,,
2012,אוקטובר,רביעי,יום,קלה,התנגשות חזית בצד,0,0,0,3,1,0,4,2,2,לא-עירונית לא בצומת,עיגון מדויק,4,0,,3,31,15,0,0,0,,
2012,מרס,שלישי,יום,קלה,התנגשות חזית בצד,0,0,0,0,1,0,1,2,2,לא-עירונית לא בצומת,עיגון מדויק,4,0,,1,31,13.8,0,0,0,,
2012,יולי,שלישי,יום,קטלנית,התנגשות חזית בצד,1,1,0,3,2,0,5,2,2,לא-עירונית לא בצומת,עיגון מדויק,4,0,,1,31,34,0,0,0,,
2012,אוקטובר,רביעי,יום,קלה,התנגשות צד בצד,0,0,0,0,1,0,1,2,2,לא-עירונית לא בצומת,עיגון מדויק,4,0,,3,31,15,0,0,0,,
2012,יוני,רביעי,יום,קטלנית,התנגשות חזית בחזית,4,0,0,2,5,0,7,2,2,לא-עירונית לא בצומת,עיגון מדויק,4,0,,1,31,37,0,0,0,,
2012,יולי,שלישי,יום,קשה,התנגשות חזית באחור,0,1,0,0,2,0,2,3,3,לא-עירונית לא בצומת,עיגון מדויק,4,0,,1,31,33,0,0,0,,
2012,אוגוסט,חמישי,יום,קלה,התנגשות חזית בצד,0,0,0,2,1,1,4,2,2,לא-עירונית לא בצומת,עיגון מדויק,4,0,,3,31,15,0,0,0,,
2012,ספטמבר,שלישי,יום,קלה,התנגשות חזית בחזית,0,0,0,2,1,0,5,2,2,לא-עירונית לא בצומת,עיגון מדויק,4,0,,1,31,47.7,0,0,0,,
2012,ינואר,חמישי,לילה,קלה,התנגשות צד בצד,0,0,0,1,4,0,5,2,2,לא-עירונית לא בצומת,עיגון מדויק,4,0,,1,31,44,0,0,0,,
2012,אוקטובר,שבת,לילה,קטלנית,התנגשות עם עצם דומם,1,0,0,0,1,0,1,2,2,לא-עירונית לא בצומת,מרכז דרך,4,0,,3,31,11,0,0,0,,
2012,אפריל,רביעי,יום,קלה,התנגשות חזית בצד,0,0,0,0,1,0,1,2,2,לא-עירונית לא בצומת,עיגון מדויק,4,0,,1,31,47,0,0,0,,
2012,מרס,שבת,לילה,קלה,התנגשות חזית בצד,0,0,0,1,3,0,4,2,2,לא-עירונית לא בצומת,עיגון מדויק,4,0,,1,31,58.4,0,0,0,,
2012,אוקטובר,רביעי,לילה,קלה,התנגשות חזית באחור,0,0,0,0,3,0,3,2,2,לא-עירונית לא בצומת,עיגון מדויק,4,0,,1,31,32,0,0,0,,
2012,אוגוסט,חמישי,לילה,קלה,התנגשות צד בצד,0,0,0,3,1,0,4,3,3,לא-עירונית לא בצומת,עיגון מדויק,4,0,,1,31,5,0,0,0,,
2012,ינואר,שישי,לילה,קלה,התנגשות חזית בצד,0,0,0,0,1,0,1,2,2,לא-עירונית לא בצומת,עיגון מדויק,4,0,,1,31,28,0,0,0,,
2012,אוגוסט,שבת,לילה,קלה,התנגשות חזית בצד,0,0,0,0,1,0,1,2,2,לא-עירונית לא בצומת,עיגון מדויק,4,0,,1,31,3,0,0,0,,
2012,מאי,רביעי,לילה,קלה,התנגשות חזית באחור,0,0,0,0,9,0,9,2,2,לא-עירונית לא בצומת,עיגון מדויק,4,0,,1,31,49,0,0,0,,
2013,ינואר,רביעי,לילה,קלה,התנגשות חזית בצד,0,0,0,0,2,0,2,2,2,לא-עירונית בצומת,עיגון מדויק,3,0,,2,31,0,60,0,0,,
2013,פברואר,שלישי,יום,קלה,התנגשות חזית בצד,0,0,0,2,2,0,4,2,2,לא-עירונית בצומת,עיגון מדויק,3,0,,1,31,0,316,0,0,,
2013,מאי,ראשון,יום,קלה,התנגשות חזית בצד,0,0,0,0,3,0,3,2,2,לא-עירונית בצומת,עיגון מדויק,3,0,,1,6,0,31,358,0,,
2013,אפריל,שני,יום,קשה,התנגשות חזית בצד,0,2,1,3,3,0,6,2,2,לא-עירונית בצומת,עיגון מדויק,3,0,,1,31,0,3199,0,0,,
2013,מאי,שני,יום,קלה,התנגשות חזית בצד,0,0,0,0,0,1,1,2,2,לא-עירונית בצומת,עיגון מדויק,3,0,,2,31,0,60,0,0,,
2013,מרס,שני,לילה,קלה,התנגשות חזית בצד,0,0,0,2,2,0,4,2,2,לא-עירונית בצומת,עיגון מדויק,3,0,,2,31,0,0,0,0,,
2013,יולי,שבת,יום,קלה,התנגשות חזית בצד,0,0,0,0,1,0,1,2,2,לא-עירונית בצומת,עיגון מדויק,3,0,,2,31,0,0,0,0,,
2013,דצמבר,שני,לילה,קלה,התנגשות חזית בצד,0,0,0,0,3,0,3,2,2,לא-עירונית בצומת,עיגון מדויק,3,0,,1,31,0,0,0,0,,
2013,אפריל,שבת,לילה,קטלנית,התהפכות,1,0,0,1,1,0,2,1,1,לא-עירונית לא בצומת,עיגון מדויק,4,0,,1,31,20,0,0,0,,
2013,נובמבר,ראשון,יום,קלה,התהפכות,0,0,0,2,8,0,10,1,1,לא-עירונית לא בצומת,עיגון מדויק,4,0,,2,31,58,0,0,0,,
2013,נובמבר,חמישי,יום,קלה,התנגשות חזית בצד,0,0,0,0,2,0,2,2,2,לא-עירונית לא בצומת,עיגון מדויק,4,0,,1,31,35,0,0,0,,
2013,פברואר,רביעי,יום,קלה,התנגשות חזית באחור,0,0,0,1,4,0,5,2,2,לא-עירונית לא בצומת,עיגון מדויק,4,0,,1,31,27,0,0,0,,
2013,אפריל,ראשון,יום,קלה,התנגשות חזית בחזית,0,0,0,0,3,0,3,2,2,לא-עירונית לא בצומת,עיגון מדויק,4,0,,2,31,23,0,0,0,,
2013,ספטמבר,ראשון,יום,קטלנית,התנגשות חזית בחזית,1,1,0,0,2,0,2,2,2,לא-עירונית לא בצומת,עיגון מדויק,4,0,,3,31,18,0,0,0,,
2013,דצמבר,שבת,יום,קלה,החלקה,0,0,0,1,0,0,1,1,1,לא-עירונית לא בצומת,עיגון מדויק,4,0,,2,31,58,0,0,0,,
2013,נובמבר,חמישי,יום,קשה,התנגשות חזית בחזית,0,2,0,0,7,0,7,5,5,לא-עירונית לא בצומת,מרכז דרך,4,0,,1,31,10,0,0,0,,
2013,ינואר,רביעי,יום,קשה,התנגשות צד בצד,0,1,0,0,1,1,2,2,2,לא-עירונית לא בצומת,עיגון מדויק,4,0,,1,31,24,0,0,0,,
2013,מרס,חמישי,יום,קשה,התנגשות חזית בחזית,0,2,0,3,3,1,7,3,3,לא-עירונית לא בצומת,עיגון מדויק,4,0,,1,31,29,0,0,0,,
2013,אוקטובר,שישי,יום,קלה,התנגשות חזית באחור,0,0,0,0,0,2,2,2,2,לא-עירונית לא בצומת,עיגון מדויק,4,0,,2,31,48,0,0,0,,
2013,דצמבר,חמישי,יום,קשה,התנגשות חזית בחזית,0,1,0,0,3,0,3,2,2,לא-עירונית לא בצומת,עיגון מדויק,4,0,,2,31,48,0,0,0,,
2013,אוקטובר,ראשון,יום,קלה,התנגשות חזית בחזית,0,0,0,2,2,2,7,2,2,לא-עירונית לא בצומת,עיגון מדויק,4,0,,1,31,26,0,0,0,,
2013,נובמבר,שישי,לילה,קלה,התנגשות חזית בצד,0,0,0,2,1,0,3,2,2,לא-עירונית לא בצומת,עיגון מדויק,4,0,,1,31,13.8,0,0,0,,
2013,אפריל,שישי,יום,קלה,התנגשות חזית בצד,0,0,0,3,3,0,6,2,2,לא-עירונית לא בצומת,עיגון מדויק,4,0,,1,31,47,0,0,0,,
2013,אוקטובר,חמישי,יום,קלה,התנגשות חזית באחור,0,0,0,1,4,0,5,2,2,לא-עירונית לא בצומת,עיגון מדויק,4,0,,2,31,4,0,0,0,,
2013,מרס,שבת,יום,קלה,התנגשות חזית באחור,0,0,0,2,3,0,5,2,2,לא-עירונית לא בצומת,עיגון מדויק,4,0,,3,31,18,0,0,0,,
2013,ספטמבר,ראשון,יום,קלה,התנגשות חזית בצד,0,0,0,1,4,0,5,2,2,לא-עירונית לא בצומת,עיגון מדויק,4,0,,2,31,19,0,0,0,,
2013,יוני,חמישי,יום,קלה,התנגשות חזית בצד,0,0,0,0,1,0,1,2,2,לא-עירונית לא בצומת,עיגון מדויק,4,0,,2,31,19,0,0,0,,
2013,אוקטובר,ראשון,לילה,קלה,התנגשות חזית בחזית,0,0,0,0,1,1,2,2,2,לא-עירונית לא בצומת,עיגון מדויק,4,0,,1,31,31,0,0,0,,
2013,פברואר,שלישי,לילה,קטלנית,פגיעה בהולך רגל,1,0,1,0,1,0,1,1,1,לא-עירונית לא בצומת,עיגון מדויק,4,0,,1,31,21,0,0,0,,
2013,אוקטובר,חמישי,לילה,קשה,התנגשות חזית בחזית,0,1,0,3,4,0,7,3,3,לא-עירונית לא בצומת,עיגון מדויק,4,0,,2,31,4,0,0,0,,
2013,נובמבר,שישי,לילה,קלה,החלקה,0,0,0,1,3,1,5,2,2,לא-עירונית לא בצומת,עיגון מדויק,4,0,,1,31,46,0,0,0,,
2013,מאי,שני,לילה,קשה,פגיעה בהולך רגל,0,1,1,1,0,0,1,2,2,לא-עירונית לא בצומת,עיגון מדויק,4,0,,3,31,18,0,0,0,,
2013,אוגוסט,שבת,לילה,קלה,התנגשות חזית בצד,0,0,0,0,1,0,1,2,2,לא-עירונית לא בצומת,עיגון מדויק,4,0,,2,31,23,0,0,0,,
2013,מאי,שבת,לילה,קשה,התהפכות,0,1,0,0,2,0,2,1,1,לא-עירונית לא בצומת,עיגון מדויק,4,0,,1,31,34,0,0,0,,
2013,פברואר,חמישי,לילה,קשה,התנגשות חזית בחזית,0,1,0,1,3,0,4,2,2,לא-עירונית לא בצומת,עיגון מדויק,4,0,,1,31,65,0,0,0,,
2014,ינואר,שלישי,לילה,קלה,התנגשות חזית בצד,0,0,0,0,2,2,4,2,2,לא-עירונית בצומת,עיגון מדויק,3,0,,1,31,0,0,0,0,,
2014,מרס,חמישי,לילה,קלה,התנגשות חזית בצד,0,0,0,0,2,0,3,2,2,לא-עירונית בצומת,עיגון מדויק,3,0,,2,31,0,0,0,0,,
2014,פברואר,שישי,לילה,קלה,התנגשות חזית בצד,0,0,0,1,3,0,5,2,2,לא-עירונית בצומת,עיגון מדויק,3,0,,4,31,0,60,0,0,,
2014,יוני,שני,יום,קלה,התנגשות חזית בצד,0,0,0,0,1,0,1,2,2,לא-עירונית בצומת,עיגון מדויק,3,0,,4,31,0,60,0,0,,
2014,אוקטובר,רביעי,לילה,קלה,התנגשות חזית בצד,0,0,0,0,2,0,2,2,2,לא-עירונית בצומת,עיגון מדויק,3,0,,4,31,0,60,0,0,,
2014,מאי,רביעי,יום,קלה,התנגשות חזית בצד,0,0,0,0,2,0,2,3,3,לא-עירונית בצומת,עיגון מדויק,3,0,,2,31,0,0,0,0,,
2014,אוקטובר,שישי,לילה,קלה,התנגשות חזית בצד,0,0,0,0,1,0,1,2,2,לא-עירונית בצומת,עיגון מדויק,3,0,,4,31,0,60,0,0,,
2014,ספטמבר,ראשון,יום,קלה,התנגשות חזית בצד,0,0,0,0,4,0,4,2,2,לא-עירונית בצומת,עיגון מדויק,3,0,,1,31,0,0,0,0,,
2014,ינואר,חמישי,לילה,קשה,פגיעה בהולך רגל,0,1,1,0,1,0,1,1,1,לא-עירונית לא בצומת,מרכז דרך,4,0,,8,31,0,0,0,0,,
2014,פברואר,שישי,יום,קלה,התהפכות,0,0,0,0,1,0,1,1,1,לא-עירונית לא בצומת,מרכז דרך,4,0,,8,31,7,0,0,0,,
2014,מרס,חמישי,יום,קטלנית,התנגשות חזית בחזית,1,0,0,0,2,0,2,2,2,לא-עירונית לא בצומת,מרכז דרך,4,0,,8,31,11,0,0,0,,
2014,מרס,חמישי,יום,קלה,התנגשות חזית באחור,0,0,0,0,1,0,1,2,2,לא-עירונית לא בצומת,עיגון מדויק,4,0,,1,31,20,0,0,0,,
2014,פברואר,שלישי,יום,קלה,התנגשות חזית בצד,0,0,0,2,3,0,5,2,2,לא-עירונית לא בצומת,עיגון מדויק,4,0,,1,31,25,0,0,0,,
2014,מרס,שני,יום,קלה,התנגשות חזית באחור,0,0,0,1,3,0,4,5,5,לא-עירונית לא בצומת,עיגון מדויק,4,0,,1,31,4,0,0,0,,
2014,אפריל,חמישי,לילה,קלה,התנגשות צד בצד,0,0,0,1,2,0,3,2,2,לא-עירונית לא בצומת,עיגון מדויק,4,0,,1,31,26,0,0,0,,
2014,ינואר,רביעי,לילה,קלה,התנגשות חזית באחור,0,0,0,0,1,0,1,2,2,לא-עירונית לא בצומת,עיגון מדויק,4,0,,1,31,35,0,0,0,,
2014,ינואר,רביעי,לילה,קטלנית,התנגשות חזית בצד,1,1,0,2,5,0,7,2,2,לא-עירונית לא בצומת,עיגון מדויק,4,0,,1,31,67,0,0,0,,
2014,ספטמבר,שני,יום,קלה,התנגשות חזית בצד,0,0,0,1,2,0,3,2,2,לא-עירונית לא בצומת,עיגון מדויק,4,0,,1,31,13,0,0,0,,
2014,ספטמבר,ראשון,לילה,קלה,התהפכות,0,0,0,1,0,0,1,1,1,לא-עירונית לא בצומת,עיגון מדויק,4,0,,1,31,17,0,0,0,,
2014,ספטמבר,שבת,יום,קלה,התנגשות חזית בצד,0,0,0,2,3,1,6,2,2,לא-עירונית לא בצומת,עיגון מדויק,4,0,,1,31,3,0,0,0,,
2014,דצמבר,ראשון,יום,קלה,התנגשות עם עצם דומם,0,0,0,0,2,0,2,3,3,לא-עירונית לא בצומת,עיגון מדויק,4,0,,1,31,15.3,0,0,0,,
2014,דצמבר,חמישי,יום,קלה,התנגשות חזית בצד,0,0,0,0,1,0,1,3,3,לא-עירונית לא בצומת,עיגון מדויק,4,0,,1,31,34,0,0,0,,
2014,ספטמבר,שישי,לילה,קשה,התנגשות חזית בצד,0,1,0,1,1,0,2,2,2,לא-עירונית לא בצומת,עיגון מדויק,4,0,,1,31,41,0,0,0,,
2014,נובמבר,רביעי,לילה,קשה,אחר,0,1,0,0,1,0,1,1,1,לא-עירונית לא בצומת,עיגון מדויק,4,0,,1,31,21,0,0,0,,
2014,אוקטובר,רביעי,יום,קלה,התנגשות חזית בצד,0,0,0,0,1,0,1,3,3,לא-עירונית לא בצומת,מרכז דרך,4,0,,8,31,9.4,0,0,0,,
2014,ספטמבר,רביעי,יום,קלה,התנגשות חזית בחזית,0,0,0,0,3,0,3,2,2,לא-עירונית לא בצומת,מרכז דרך,4,0,,8,31,8,0,0,0,,
2014,נובמבר,רביעי,לילה,קשה,התנגשות חזית בצד,0,1,0,0,4,0,4,2,2,לא-עירונית לא בצומת,עיגון מדויק,4,0,,1,31,44,0,0,0,,
2014,דצמבר,שבת,יום,קשה,התהפכות,0,1,0,0,1,0,1,1,1,לא-עירונית לא בצומת,עיגון מדויק,4,0,,1,31,52,0,0,0,,
2014,יולי,שני,לילה,קטלנית,התנגשות חזית בצד,1,2,0,0,4,0,4,2,2,לא-עירונית לא בצומת,עיגון מדויק,4,0,,2,31,16,0,0,0,,
2014,אוגוסט,שני,יום,קלה,פגיעה בהולך רגל,0,0,1,0,0,1,1,1,1,לא-עירונית לא בצומת,עיגון מדויק,4,0,,1,31,48,0,0,0,,
2014,אוקטובר,חמישי,לילה,קשה,התנגשות חזית בצד,0,2,0,1,2,0,3,2,2,לא-עירונית לא בצומת,עיגון מדויק,4,0,,1,31,62.7,0,0,0,,
2014,ספטמבר,רביעי,לילה,קלה,התנגשות חזית באחור,0,0,0,0,3,0,3,3,3,לא-עירונית לא בצומת,עיגון מדויק,4,0,,1,31,22,0,0,0,,
2014,יוני,חמישי,יום,קטלנית,התנגשות צד בצד,3,0,0,3,0,0,3,2,2,לא-עירונית לא בצומת,עיגון מדויק,4,0,,1,31,24,0,0,0,,
2014,מאי,שלישי,יום,קלה,התנגשות חזית בחזית,0,0,0,1,1,0,2,2,2,לא-עירונית לא בצומת,מרכז דרך,4,0,,8,31,10.7,0,0,0,,
2014,אוקטובר,שבת,יום,קטלנית,התנגשות חזית בחזית,3,2,0,2,3,0,5,2,2,לא-עירונית לא בצומת,עיגון מדויק,4,0,,1,31,57,0,0,0,,
2014,מאי,חמישי,לילה,קלה,ירידה מהכביש או עלייה למדרכה,0,0,0,0,2,0,2,1,1,לא-עירונית לא בצומת,עיגון מדויק,4,0,,1,31,71,0,0,0,,
2014,אוקטובר,שני,יום,קלה,התנגשות חזית בצד,0,0,0,1,2,0,3,2,2,לא-עירונית לא בצומת,עיגון מדויק,4,0,,1,31,12,0,0,0,,
2014,אוגוסט,שני,יום,קלה,התנגשות חזית בצד,0,0,0,0,1,0,1,2,2,לא-עירונית לא בצומת,עיגון מדויק,4,0,,2,31,13.8,0,0,0,,
2014,אוקטובר,שני,יום,קלה,התנגשות חזית באחור,0,0,0,0,7,0,7,4,4,לא-עירונית לא בצומת,עיגון מדויק,4,0,,1,31,15,0,0,0,,
2014,אוגוסט,שני,לילה,קלה,התנגשות עם עצם דומם,0,0,0,0,0,1,1,1,1,לא-עירונית לא בצומת,מרכז דרך,4,0,,8,31,6,0,0,0,,
2014,פברואר,שישי,יום,קשה,החלקה,0,1,0,0,1,0,1,1,1,לא-עירונית לא בצומת,עיגון מדויק,4,0,,1,31,66,0,0,0,,
2014,יולי,רביעי,לילה,קלה,התנגשות חזית בצד,0,0,0,0,3,0,3,2,2,לא-עירונית לא בצומת,עיגון מדויק,4,0,,2,31,13.8,0,0,0,,
2014,יוני,חמישי,לילה,קשה,ירידה מהכביש או עלייה למדרכה,0,1,0,0,1,0,1,1,1,לא-עירונית לא בצומת,מרכז דרך,4,0,,8,31,10,0,0,0,,
2014,מאי,שבת,לילה,קלה,התנגשות חזית בצד,0,0,0,0,1,0,1,2,2,לא-עירונית לא בצומת,עיגון מדויק,4,0,,2,31,16,0,0,0,,
2015,יולי,שישי,יום,קלה,התנגשות חזית בצד,0,0,0,0,2,1,3,2,2,לא-עירונית בצומת,עיגון מדויק,3,0,,1,31,0,3199,0,0,,
2015,אוקטובר,חמישי,לילה,קלה,התנגשות חזית בצד,0,0,0,0,3,0,3,2,2,לא-עירונית בצומת,עיגון מדויק,3,0,,5,31,0,80,0,0,,
2015,יולי,חמישי,יום,קלה,התנגשות חזית בצד,0,0,0,0,2,0,2,2,2,לא-עירונית בצומת,עיגון מדויק,3,0,,1,31,0,0,0,0,,
2015,פברואר,חמישי,לילה,קלה,התנגשות חזית בחזית,0,0,0,0,2,0,2,2,2,לא-עירונית בצומת,עיגון מדויק,3,0,,2,31,0,0,0,0,,
2015,פברואר,חמישי,לילה,קלה,התנגשות חזית בצד,0,0,0,0,1,0,1,2,2,לא-עירונית בצומת,מרכז דרך,3,0,,4,31,0,0,0,0,,
2015,דצמבר,שני,לילה,קלה,התנגשות חזית בצד,0,0,0,1,4,1,6,2,2,לא-עירונית בצומת,עיגון מדויק,3,0,,1,31,0,0,0,0,,
2015,ספטמבר,רביעי,יום,קלה,התנגשות חזית בצד,0,0,0,0,2,0,2,2,2,לא-עירונית בצומת,עיגון מדויק,3,0,,5,31,0,80,0,0,,
2015,ספטמבר,רביעי,יום,קלה,התנגשות חזית בצד,0,0,0,2,2,0,5,2,2,לא-עירונית בצומת,עיגון מדויק,3,0,,5,31,0,80,0,0,,
2015,ינואר,שישי,לילה,קלה,התנגשות חזית בצד,0,0,0,1,7,0,8,2,2,לא-עירונית בצומת,עיגון מדויק,3,0,,1,31,0,60,0,0,,
2015,דצמבר,חמישי,יום,קלה,התנגשות חזית בצד,0,0,1,0,2,0,2,2,2,לא-עירונית בצומת,עיגון מדויק,3,0,,5,31,0,80,0,0,,
2015,דצמבר,שלישי,יום,קלה,התנגשות חזית בצד,0,0,0,0,1,0,1,3,3,לא-עירונית בצומת,עיגון מדויק,3,0,,2,31,0,0,0,0,,
2015,אפריל,שישי,לילה,קלה,התנגשות חזית בצד,0,0,0,3,3,0,6,2,2,לא-עירונית בצומת,עיגון מדויק,3,0,,5,31,0,80,0,0,,
2015,ספטמבר,שישי,לילה,קלה,התנגשות חזית בצד,0,0,0,0,2,0,2,3,3,לא-עירונית לא בצומת,עיגון מדויק,4,0,,1,31,25,0,0,0,,
2015,דצמבר,ראשון,לילה,קלה,התנגשות חזית באחור,0,0,0,0,1,0,1,2,2,לא-עירונית לא בצומת,עיגון מדויק,4,0,,3,31,14,0,0,0,,
2015,פברואר,שלישי,יום,קטלנית,התנגשות צד בצד,8,0,0,2,18,12,32,2,2,לא-עירונית לא בצומת,מרכז דרך,4,0,,4,31,7,0,0,0,,
2015,יוני,שני,יום,קלה,התהפכות,0,0,0,0,1,0,1,1,1,לא-עירונית לא בצומת,עיגון מדויק,4,0,,3,31,18,0,0,0,,
2015,מאי,שני,יום,קלה,פגיעה בהולך רגל,0,0,1,0,1,0,1,1,1,לא-עירונית לא בצומת,עיגון מדויק,4,0,,1,31,44,0,0,0,,
2015,מרס,שבת,יום,קלה,התנגשות חזית באחור,0,0,0,0,1,0,1,2,2,לא-עירונית לא בצומת,עיגון מדויק,4,0,,3,31,18,0,0,0,,
2015,יוני,שישי,יום,קלה,התנגשות חזית בצד,0,0,0,0,2,0,2,2,2,לא-עירונית לא בצומת,עיגון מדויק,4,0,,2,31,17,0,0,0,,
2015,מרס,שבת,יום,קטלנית,החלקה,1,0,0,0,1,0,1,1,1,לא-עירונית לא בצומת,עיגון מדויק,4,0,,1,31,49.8,0,0,0,,
2015,יוני,ראשון,יום,קשה,התהפכות,0,1,0,0,0,0,2,1,1,לא-עירונית לא בצומת,עיגון מדויק,4,0,,2,31,67,0,0,0,,
2015,יולי,ראשון,לילה,קשה,פגיעה בהולך רגל,0,1,1,1,0,0,1,1,1,לא-עירונית לא בצומת,עיגון מדויק,4,0,,1,31,54,0,0,0,,
2015,נובמבר,שלישי,לילה,קלה,התנגשות חזית בצד,0,0,0,0,1,0,1,2,2,לא-עירונית לא בצומת,עיגון מדויק,4,0,,3,31,14,0,0,0,,
2015,ינואר,שבת,יום,קטלנית,התנגשות חזית בצד,1,0,0,1,1,0,2,2,2,לא-עירונית לא בצומת,עיגון מדויק,4,0,,2,31,23,0,0,0,,
2015,אוגוסט,שני,יום,קלה,התנגשות חזית בחזית,0,0,0,0,1,0,1,2,2,לא-עירונית לא בצומת,עיגון מדויק,4,0,,1,31,17.1,0,0,0,,
2015,אפריל,חמישי,יום,קשה,התנגשות חזית בצד,0,1,0,0,1,0,1,2,2,לא-עירונית לא בצומת,עיגון מדויק,4,0,,1,31,15,0,0,0,,
2015,יולי,שבת,יום,קשה,החלקה,0,1,0,0,1,0,1,1,1,לא-עירונית לא בצומת,עיגון מדויק,4,0,,1,31,55,0,0,0,,
2015,אוקטובר,שבת,לילה,קטלנית,התהפכות,2,1,0,3,1,0,4,1,1,לא-עירונית לא בצומת,עיגון מדויק,4,0,,3,31,14,0,0,0,,
2015,דצמבר,שני,יום,קלה,התנגשות צד בצד,0,0,0,0,1,1,2,2,2,לא-עירונית לא בצומת,מרכז דרך,4,0,,4,31,9.7,0,0,0,,
2015,דצמבר,שלישי,יום,קלה,אחר,0,0,0,0,1,0,1,2,2,לא-עירונית לא בצומת,עיגון מדויק,4,0,,1,31,12,0,0,0,,
2015,אוקטובר,שבת,יום,קטלנית,התנגשות חזית בחזית,1,0,0,0,3,0,3,2,2,לא-עירונית לא בצומת,מרכז דרך,4,0,,4,31,8.1,0,0,0,,
2015,אוקטובר,ראשון,יום,קטלנית,פגיעה בהולך רגל,1,0,1,0,1,0,1,2,2,לא-עירונית לא בצומת,עיגון מדויק,4,0,,1,31,20,0,0,0,,
2015,מרס,שישי,לילה,קלה,ירידה מהכביש או עלייה למדרכה,0,0,0,2,18,0,20,5,5,לא-עירונית לא בצומת,עיגון מדויק,4,0,,1,31,68,0,0,0,,
2015,ספטמבר,חמישי,יום,קלה,התנגשות חזית באחור,0,0,0,0,1,0,1,2,2,לא-עירונית לא בצומת,עיגון מדויק,4,0,,2,31,17,0,0,0,,
2015,ינואר,שישי,יום,קלה,התנגשות חזית בצד,0,0,0,1,3,0,4,3,3,לא-עירונית לא בצומת,עיגון מדויק,4,0,,3,31,18,0,0,0,,
2015,יוני,שישי,יום,קלה,אחר,0,0,0,0,1,0,1,2,2,לא-עירונית לא בצומת,עיגון מדויק,4,0,,1,31,30,0,0,0,,
2015,נובמבר,ראשון,יום,קשה,התהפכות,0,1,0,0,0,1,1,1,1,לא-עירונית לא בצומת,עיגון מדויק,4,0,,2,31,23,0,0,0,,
2015,יולי,רביעי,יום,קשה,התנגשות חזית בחזית,0,4,0,4,1,0,5,2,2,לא-עירונית לא בצומת,עיגון מדויק,4,0,,1,31,15.7,0,0,0,,
2015,יוני,שלישי,יום,קשה,התנגשות חזית בחזית,0,1,0,0,1,0,1,2,2,לא-עירונית לא בצומת,עיגון מדויק,4,0,,1,31,63.4,0,0,0,,
2015,אפריל,שבת,יום,קשה,החלקה,0,1,0,0,1,0,1,1,1,לא-עירונית לא בצומת,עיגון מדויק,4,0,,2,31,67,0,0,0,,
2015,אוגוסט,שבת,יום,קלה,התנגשות צד בצד,0,0,0,0,1,0,1,2,2,לא-עירונית לא בצומת,עיגון מדויק,4,0,,1,31,33,0,0,0,,
2016,ספטמבר,חמישי,יום,קטלנית,התנגשות חזית בצד,1,0,0,0,1,0,1,2,2,לא-עירונית בצומת,עיגון מדויק,3,0,,5,31,0,60,0,0,,
2016,מרס,שני,לילה,קלה,התנגשות חזית בצד,0,0,0,0,3,0,3,2,2,לא-עירונית בצומת,עיגון מדויק,3,0,,5,31,0,60,0,0,,
2016,מאי,שני,לילה,קשה,התהפכות,0,1,0,1,1,0,2,1,1,לא-עירונית בצומת,עיגון מדויק,3,0,,2,31,0,316,0,0,,
2016,מרס,ראשון,לילה,קלה,התנגשות חזית בחזית,0,0,0,0,8,0,8,2,2,לא-עירונית בצומת,עיגון מדויק,3,0,,5,31,0,60,0,0,,
2016,מרס,ראשון,יום,קלה,התנגשות חזית בצד,0,0,0,0,2,0,2,2,2,לא-עירונית בצומת,עיגון מדויק,3,0,,2,31,0,316,0,0,,
2016,אוגוסט,ראשון,יום,קלה,התנגשות חזית בצד,0,0,0,0,3,0,3,2,2,לא-עירונית בצומת,עיגון מדויק,3,0,,8,31,0,80,0,0,,
2016,פברואר,חמישי,יום,קלה,התנגשות חזית בצד,0,0,0,0,2,0,2,2,2,לא-עירונית בצומת,עיגון מדויק,3,0,,5,31,0,60,0,0,,
2016,מאי,רביעי,יום,קשה,התהפכות,0,1,0,0,2,0,2,1,1,לא-עירונית בצומת,עיגון מדויק,3,0,,5,31,0,60,0,0,,
2016,מרס,שבת,יום,קלה,התנגשות חזית בצד,0,0,0,0,2,2,4,2,2,לא-עירונית בצומת,עיגון מדויק,3,0,,8,31,0,80,0,0,,
2016,אוגוסט,חמישי,יום,קשה,התנגשות חזית בצד,0,2,0,2,2,0,4,2,2,לא-עירונית בצומת,עיגון מדויק,3,0,,8,31,0,80,0,0,,
2016,אפריל,שישי,יום,קלה,התנגשות חזית בצד,0,0,0,1,3,0,4,2,2,לא-עירונית בצומת,עיגון מדויק,3,0,,8,31,0,80,0,0,,
2016,יוני,ראשון,לילה,קלה,התנגשות חזית בצד,0,0,0,0,1,0,1,2,2,לא-עירונית בצומת,עיגון מדויק,3,0,,8,31,0,80,0,0,,
2016,יוני,שישי,לילה,קלה,התנגשות חזית בצד,0,0,0,1,3,0,4,2,2,לא-עירונית בצומת,עיגון מדויק,3,0,,8,31,0,80,0,0,,
2016,מאי,רביעי,יום,קלה,התנגשות חזית בחזית,0,0,0,0,4,0,4,2,2,לא-עירונית בצומת,עיגון מדויק,3,0,,8,31,0,80,0,0,,
2016,אוקטובר,שבת,יום,קלה,התנגשות חזית בצד,0,0,0,0,2,0,3,2,2,לא-עירונית בצומת,עיגון מדויק,3,0,,8,31,0,80,0,0,,
2016,דצמבר,שישי,לילה,קטלנית,התהפכות,1,2,0,0,4,0,4,1,1,לא-עירונית לא בצומת,עיגון מדויק,4,0,,1,31,61,0,0,0,,
2016,דצמבר,שישי,לילה,קטלנית,התנגשות חזית בחזית,1,1,0,0,4,0,4,3,3,לא-עירונית לא בצומת,עיגון מדויק,4,0,,1,31,20.9,0,0,0,,
2016,ינואר,שני,לילה,קלה,התנגשות חזית באחור,0,0,0,0,2,0,2,3,3,לא-עירונית לא בצומת,עיגון מדויק,4,0,,1,31,3,0,0,0,,
2016,ספטמבר,שלישי,יום,קטלנית,התנגשות חזית בחזית,1,1,0,1,16,0,17,3,3,לא-עירונית לא בצומת,עיגון מדויק,4,0,,1,31,19,0,0,0,,
2016,אפריל,שלישי,יום,קשה,התנגשות חזית באחור,0,1,0,0,0,4,4,2,2,לא-עירונית לא בצומת,עיגון מדויק,4,0,,1,31,48,0,0,0,,
2016,ינואר,ראשון,יום,קלה,התנגשות חזית בצד,0,0,0,0,2,0,2,2,2,לא-עירונית לא בצומת,עיגון מדויק,4,0,,1,31,39,0,0,0,,
2016,יוני,שבת,לילה,קשה,התנגשות עם עצם דומם,0,1,0,0,2,0,2,1,1,לא-עירונית לא בצומת,עיגון מדויק,4,0,,2,31,31,0,0,0,,
2016,דצמבר,שבת,יום,קשה,החלקה,0,1,0,0,1,0,1,1,1,לא-עירונית לא בצומת,עיגון מדויק,4,0,,1,31,62,0,0,0,,
2016,יולי,רביעי,יום,קטלנית,התנגשות חזית בחזית,1,0,0,0,1,0,1,2,2,לא-עירונית לא בצומת,עיגון מדויק,4,0,,1,31,56,0,0,0,,
2016,יוני,שבת,יום,קשה,התנגשות חזית בחזית,0,1,0,0,4,0,4,3,3,לא-עירונית לא בצומת,עיגון מדויק,4,0,,1,31,69.3,0,0,0,,
2016,אוקטובר,ראשון,לילה,קטלנית,התנגשות חזית בצד,2,0,0,0,17,0,17,2,2,לא-עירונית לא בצומת,עיגון מדויק,4,0,,1,31,23,0,0,0,,
2016,אפריל,ראשון,לילה,קלה,התנגשות עם עצם דומם,0,0,0,8,3,0,11,3,3,לא-עירונית לא בצומת,עיגון מדויק,4,0,,1,31,36,0,0,0,,
2016,נובמבר,חמישי,לילה,קלה,התנגשות חזית באחור,0,0,0,0,0,2,2,2,2,לא-עירונית לא בצומת,עיגון מדויק,4,0,,1,31,24.9,0,0,0,,
2016,אוקטובר,שבת,לילה,קלה,התנגשות עם עצם דומם,0,0,0,0,1,0,1,1,1,לא-עירונית לא בצומת,עיגון מדויק,4,0,,1,31,51,0,0,0,,
2016,אוקטובר,שלישי,יום,קלה,התנגשות חזית בצד,0,0,0,0,2,0,2,2,2,לא-עירונית לא בצומת,עיגון מדויק,4,0,,1,31,4,0,0,0,,
2016,פברואר,חמישי,לילה,קלה,התנגשות חזית בצד,0,0,0,1,3,0,4,2,2,לא-עירונית לא בצומת,עיגון מדויק,4,0,,1,31,16,0,0,0,,
2016,אוגוסט,רביעי,לילה,קשה,פגיעה בהולך רגל,0,3,3,2,1,0,3,1,1,לא-עירונית לא בצומת,עיגון מדויק,4,0,,2,31,22,0,0,0,,
2016,יולי,שישי,יום,קלה,התנגשות חזית בצד,0,0,0,0,2,0,2,4,4,לא-עירונית לא בצומת,עיגון מדויק,4,0,,3,31,18,0,0,0,,
2016,ינואר,שבת,לילה,קשה,התנגשות חזית בחזית,0,2,0,3,2,0,5,2,2,לא-עירונית לא בצומת,עיגון מדויק,4,0,,1,31,25,0,0,0,,
2016,מאי,שבת,יום,קשה,התנגשות חזית בצד,0,1,0,0,1,0,1,2,2,לא-עירונית לא בצומת,עיגון מדויק,4,0,,1,31,68,0,0,0,,
2016,ינואר,שבת,יום,קלה,התנגשות חזית באחור,0,0,0,0,1,0,1,2,2,לא-עירונית לא בצומת,עיגון מדויק,4,0,,3,31,18,0,0,0,,
2016,מאי,שישי,לילה,קשה,פגיעה בהולך רגל,0,1,1,0,2,0,2,1,1,לא-עירונית לא בצומת,עיגון מדויק,4,0,,2,31,22,0,0,0,,
2016,נובמבר,חמישי,לילה,קשה,ירידה מהכביש או עלייה למדרכה,0,1,0,0,1,0,1,1,1,לא-עירונית לא בצומת,עיגון מדויק,4,0,,1,31,34,0,0,0,,
2016,יולי,חמישי,לילה,קלה,התנגשות חזית באחור,0,0,0,0,3,0,3,2,2,לא-עירונית לא בצומת,עיגון מדויק,4,0,,1,31,12.6,0,0,0,,
2016,דצמבר,שבת,יום,קשה,התנגשות צד בצד,0,1,0,0,1,0,1,2,2,לא-עירונית לא בצומת,עיגון מדויק,4,0,,1,31,52,0,0,0,,
2016,נובמבר,שבת,יום,קלה,התנגשות חזית בצד,0,0,0,0,1,0,1,2,2,לא-עירונית לא בצומת,עיגון מדויק,4,0,,1,31,35,0,0,0,,
2016,מרס,רביעי,לילה,קלה,התנגשות חזית בצד,0,0,0,0,1,0,1,2,2,לא-עירונית לא בצומת,עיגון מדויק,4,0,,1,31,11.5,0,0,0,,
2016,ספטמבר,ראשון,לילה,קשה,התנגשות חזית בצד,0,5,0,3,2,0,5,2,2,לא-עירונית לא בצומת,עיגון מדויק,4,0,,2,31,31,0,0,0,,
2016,פברואר,שלישי,לילה,קטלנית,התנגשות חזית בחזית,3,3,0,0,7,0,7,2,2,לא-עירונית לא בצומת,עיגון מדויק,4,0,,3,31,18,0,0,0,,
2017,אוקטובר,שני,יום,קלה,התנגשות חזית בצד,0,0,0,0,1,0,1,2,2,לא-עירונית בצומת,עיגון מדויק,3,0,,12,31,0,80,0,0,,
2017,מרס,חמישי,יום,קלה,התנגשות חזית בצד,0,0,0,0,2,0,2,2,2,לא-עירונית בצומת,עיגון מדויק,3,0,,12,31,0,80,0,0,,
2017,פברואר,חמישי,יום,קלה,התנגשות חזית בצד,0,0,0,0,1,0,1,2,2,לא-עירונית בצומת,עיגון מדויק,3,0,,12,31,0,80,0,0,,
2017,מרס,חמישי,יום,קשה,התנגשות חזית בצד,0,1,0,3,3,2,8,3,3,לא-עירונית בצומת,עיגון מדויק,3,0,,12,31,0,80,0,0,,
2017,דצמבר,שבת,לילה,קלה,התנגשות חזית בצד,0,0,0,0,3,0,3,2,2,לא-עירונית בצומת,עיגון מדויק,3,0,,12,31,0,80,0,0,,
2017,אפריל,חמישי,יום,קלה,התנגשות חזית בצד,0,0,0,0,1,0,1,2,2,לא-עירונית בצומת,עיגון מדויק,3,0,,12,31,0,80,0,0,,
2017,יולי,שני,יום,קלה,התנגשות חזית בצד,0,0,0,0,3,0,3,2,2,לא-עירונית בצומת,עיגון מדויק,3,0,,12,31,0,80,0,0,,
2017,ינואר,חמישי,לילה,קשה,פגיעה בהולך רגל,0,1,1,0,1,0,1,1,1,לא-עירונית בצומת,עיגון מדויק,3,0,,4,31,0,60,0,0,,
2017,יולי,חמישי,לילה,קלה,התנגשות חזית בצד,0,0,0,0,3,0,3,3,3,לא-עירונית בצומת,עיגון מדויק,3,0,,4,31,0,60,0,0,,
2017,יוני,רביעי,לילה,קלה,התנגשות חזית בצד,0,0,0,3,6,0,9,2,2,לא-עירונית בצומת,עיגון מדויק,3,0,,4,31,0,60,0,0,,
2017,אפריל,חמישי,לילה,קלה,התנגשות חזית בצד,0,0,0,0,1,0,1,2,2,לא-עירונית בצומת,עיגון מדויק,3,0,,4,31,0,60,0,0,,
2017,אוקטובר,ראשון,יום,קלה,התנגשות חזית בצד,0,0,0,0,1,0,1,2,2,לא-עירונית בצומת,עיגון מדויק,3,0,,12,31,0,80,0,0,,
2017,אוגוסט,שבת,יום,קלה,התנגשות חזית בצד,0,0,0,1,6,0,7,2,2,לא-עירונית בצומת,עיגון מדויק,3,0,,12,31,0,80,0,0,,
2017,אוקטובר,שלישי,לילה,קלה,התנגשות חזית בצד,0,0,0,0,2,0,2,2,2,לא-עירונית בצומת,עיגון מדויק,3,0,,1,31,0,0,0,0,,
2017,מרס,חמישי,יום,קלה,התנגשות חזית בצד,0,0,0,0,1,0,1,2,2,לא-עירונית בצומת,עיגון מדויק,3,0,,12,31,0,80,0,0,,
2017,יולי,שבת,יום,קלה,התנגשות חזית בצד,0,0,0,2,3,0,5,2,2,לא-עירונית בצומת,עיגון מדויק,3,0,,12,31,0,80,0,0,,
2017,דצמבר,רביעי,לילה,קלה,התנגשות חזית בצד,0,0,0,0,2,0,2,2,2,לא-עירונית בצומת,עיגון מדויק,3,0,,1,31,0,0,0,0,,
2017,אוגוסט,שישי,יום,קשה,פגיעה בהולך רגל,0,1,1,0,1,0,1,1,1,לא-עירונית בצומת,עיגון מדויק,3,0,,12,31,0,80,0,0,,
2017,אוגוסט,רביעי,יום,קלה,התנגשות חזית בחזית,0,0,0,0,2,0,2,2,2,לא-עירונית בצומת,עיגון מדויק,3,0,,1,31,0,90,0,0,,
2017,ינואר,שלישי,לילה,קלה,התנגשות חזית בצד,0,0,0,0,2,0,2,2,2,לא-עירונית לא בצומת,עיגון מדויק,4,0,,1,31,31,0,0,0,,
2017,נובמבר,שבת,לילה,קלה,החלקה,0,0,0,0,1,0,1,1,1,לא-עירונית לא בצומת,עיגון מדויק,4,0,,1,31,17,0,0,0,,
2017,יוני,שני,לילה,קשה,התנגשות חזית בצד,0,1,0,1,1,0,2,2,2,לא-עירונית לא בצומת,עיגון מדויק,4,0,,1,31,41,0,0,0,,
2017,אוקטובר,חמישי,יום,קלה,התנגשות צד בצד,0,0,0,0,0,2,2,2,2,לא-עירונית לא בצומת,עיגון מדויק,4,0,,1,31,63,0,0,0,,
2017,אפריל,שבת,לילה,קשה,התנגשות חזית באחור,0,1,0,4,7,0,11,3,3,לא-עירונית לא בצומת,עיגון מדויק,4,0,,1,31,3,0,0,0,,
2017,אוגוסט,חמישי,יום,קלה,התנגשות חזית בצד,0,0,0,0,2,0,2,2,2,לא-עירונית לא בצומת,עיגון מדויק,4,0,,1,31,5,0,0,0,,
2017,נובמבר,רביעי,לילה,קלה,התנגשות עם עצם דומם,0,0,0,1,2,0,3,1,1,לא-עירונית לא בצומת,עיגון מדויק,4,0,,1,31,16,0,0,0,,
2017,יולי,שבת,יום,קשה,החלקה,0,1,0,0,1,0,1,1,1,לא-עירונית לא בצומת,עיגון מדויק,4,0,,1,31,57,0,0,0,,
2017,ינואר,שבת,יום,קלה,התנגשות חזית בחזית,0,0,0,0,5,0,5,2,2,לא-עירונית לא בצומת,עיגון מדויק,4,0,,1,31,53,0,0,0,,
2017,אוקטובר,רביעי,יום,קטלנית,אחר,2,0,0,0,2,0,2,2,2,לא-עירונית לא בצומת,עיגון מדויק,4,0,,1,31,55,0,0,0,,
2017,יוני,שבת,יום,קטלנית,פגיעה בהולך רגל,1,0,1,0,1,0,1,1,1,לא-עירונית לא בצומת,עיגון מדויק,4,0,,1,31,14,0,0,0,,
2017,נובמבר,ראשון,יום,קשה,התנגשות עם עצם דומם,0,1,0,0,1,0,1,1,1,לא-עירונית לא בצומת,עיגון מדויק,4,0,,1,31,48,0,0,0,,
2017,ספטמבר,חמישי,יום,קלה,התנגשות חזית באחור,0,0,0,0,1,1,2,2,2,לא-עירונית לא בצומת,עיגון מדויק,4,0,,1,31,4,0,0,0,,
2018,אוקטובר,שלישי,יום,קלה,התנגשות חזית בצד,0,0,0,0,0,1,1,2,2,לא-עירונית בצומת,עיגון מדויק,3,0,,1,31,0,0,0,0,,
2018,יולי,שישי,יום,קלה,התנגשות חזית בצד,0,0,0,2,2,1,5,2,2,לא-עירונית בצומת,עיגון מדויק,3,0,,9,31,0,80,0,0,,
2018,יוני,רביעי,יום,קלה,התנגשות חזית בצד,0,0,0,0,2,0,2,2,2,לא-עירונית בצומת,עיגון מדויק,3,0,,9,31,0,80,0,0,,
2018,דצמבר,שלישי,לילה,קלה,התנגשות חזית בצד,0,0,0,0,3,0,3,2,2,לא-עירונית בצומת,עיגון מדויק,3,0,,6,31,0,60,0,0,,
2018,נובמבר,שישי,לילה,קלה,התנגשות חזית בצד,0,0,0,0,3,0,3,2,2,לא-עירונית בצומת,עיגון מדויק,3,0,,1,31,0,0,0,0,,
2018,ספטמבר,רביעי,לילה,קלה,התנגשות חזית בחזית,0,0,0,1,0,0,1,2,2,לא-עירונית בצומת,עיגון מדויק,3,0,,2,31,0,0,0,0,,
2018,אוגוסט,שישי,יום,קלה,התנגשות חזית בצד,0,0,0,0,3,0,3,2,2,לא-עירונית בצומת,עיגון מדויק,3,0,,9,31,0,80,0,0,,
2018,אפריל,ראשון,יום,קלה,התנגשות חזית בצד,0,0,0,3,5,0,8,3,3,לא-עירונית בצומת,עיגון מדויק,3,0,,1,31,0,90,0,0,,
2018,ספטמבר,שני,לילה,קלה,התנגשות חזית בצד,0,0,0,1,0,0,1,2,2,לא-עירונית בצומת,עיגון מדויק,3,0,,6,31,0,60,0,0,,
2018,נובמבר,שישי,לילה,קלה,התנגשות חזית בצד,0,0,0,0,2,0,2,2,2,לא-עירונית בצומת,עיגון מדויק,3,0,,6,31,0,60,0,0,,
2018,יולי,שישי,יום,קלה,התנגשות חזית בצד,0,0,0,0,1,0,1,2,2,לא-עירונית בצומת,עיגון מדויק,3,0,,9,31,0,80,0,0,,
2018,דצמבר,חמישי,לילה,קלה,התנגשות חזית בצד,0,0,0,0,1,0,1,2,2,לא-עירונית בצומת,עיגון מדויק,3,0,,9,31,0,80,0,0,,
2018,דצמבר,רביעי,יום,קלה,התנגשות חזית בצד,0,0,0,1,0,1,2,2,2,לא-עירונית בצומת,עיגון מדויק,3,0,,9,31,0,80,0,0,,
2018,פברואר,חמישי,לילה,קלה,התנגשות חזית בצד,0,0,0,2,3,0,5,2,2,לא-עירונית בצומת,עיגון מדויק,3,0,,9,31,0,80,0,0,,
2018,אפריל,חמישי,יום,קלה,התנגשות חזית בצד,0,0,0,0,2,0,2,2,2,לא-עירונית בצומת,עיגון מדויק,3,0,,9,31,0,80,0,0,,
2018,מאי,שבת,יום,קלה,התנגשות חזית בצד,0,0,0,0,2,0,2,2,2,לא-עירונית בצומת,עיגון מדויק,3,0,,9,31,0,80,0,0,,
2018,ספטמבר,שלישי,לילה,קטלנית,התנגשות עם עצם דומם,1,2,0,1,2,0,3,1,1,לא-עירונית בצומת,עיגון מדויק,3,0,,2,31,0,0,0,0,,
2018,דצמבר,שישי,לילה,קלה,התנגשות חזית בצד,0,0,0,0,4,0,4,2,2,לא-עירונית בצומת,עיגון מדויק,3,0,,6,31,0,60,0,0,,
2018,יולי,ראשון,לילה,קלה,התנגשות חזית בצד,0,0,0,0,1,0,1,2,2,לא-עירונית בצומת,עיגון מדויק,3,0,,6,31,0,60,0,0,,
2018,ינואר,רביעי,לילה,קשה,פגיעה בהולך רגל,0,1,1,0,1,0,1,1,1,לא-עירונית בצומת,עיגון מדויק,3,0,,6,31,0,60,0,0,,
2018,ינואר,חמישי,יום,קלה,התנגשות חזית בחזית,0,0,0,0,2,1,3,3,3,לא-עירונית לא בצומת,עיגון מדויק,4,0,,1,31,52.7,0,0,0,,
2018,מאי,רביעי,לילה,קלה,התנגשות חזית באחור,0,0,0,1,9,0,10,4,4,לא-עירונית לא בצומת,עיגון מדויק,4,0,,2,31,17.3,0,0,0,,
2018,דצמבר,שלישי,יום,קלה,התנגשות חזית בצד,0,0,0,0,2,0,2,2,2,לא-עירונית לא בצומת,עיגון מדויק,4,0,,2,31,13.7,0,0,0,,
2018,יולי,חמישי,לילה,קשה,התהפכות,0,1,0,0,2,0,2,1,1,לא-עירונית לא בצומת,עיגון מדויק,4,0,,1,31,19,0,0,0,,
2018,ינואר,שני,יום,קטלנית,התנגשות חזית בצד,1,0,0,0,3,0,3,2,2,לא-עירונית לא בצומת,עיגון מדויק,4,0,,1,31,17.2,0,0,0,,
2018,נובמבר,חמישי,יום,קשה,התנגשות חזית בחזית,0,1,0,0,3,0,3,3,3,לא-עירונית לא בצומת,עיגון מדויק,4,0,,1,31,70,0,0,0,,
2018,מרס,שישי,לילה,קשה,התהפכות,0,1,0,0,1,0,1,1,1,לא-עירונית לא בצומת,עיגון מדויק,4,0,,1,31,57,0,0,0,,
2018,ינואר,רביעי,יום,קשה,התנגשות חזית בחזית,0,1,0,0,2,0,2,2,2,לא-עירונית לא בצומת,עיגון מדויק,4,0,,1,31,50,0,0,0,,
2018,אוגוסט,שלישי,יום,קלה,התנגשות חזית בצד,0,0,0,1,0,0,1,2,2,לא-עירונית לא בצומת,עיגון מדויק,4,0,,1,31,15,0,0,0,,
2018,ינואר,רביעי,לילה,קלה,התנגשות חזית בחזית,0,0,0,0,2,0,2,3,3,לא-עירונית לא בצומת,מרכז דרך,4,0,,1,31,0,0,0,0,,
2018,אוקטובר,רביעי,יום,קלה,התנגשות חזית בצד,0,0,0,0,2,0,2,2,2,לא-עירונית לא בצומת,עיגון מדויק,4,0,,2,31,13.7,0,0,0,,
2018,יולי,שישי,לילה,קלה,התנגשות חזית בחזית,0,0,0,0,1,0,1,2,2,לא-עירונית לא בצומת,עיגון מדויק,4,0,,1,31,19.5,0,0,0,,
2018,ינואר,שישי,יום,קטלנית,החלקה,1,0,0,0,1,0,1,1,1,לא-עירונית לא בצומת,עיגון מדויק,4,0,,1,31,57.6,0,0,0,,
2018,דצמבר,שבת,לילה,קטלנית,התהפכות,1,0,0,0,3,0,3,1,1,לא-עירונית לא בצומת,עיגון מדויק,4,0,,1,31,42,0,0,0,,
2018,פברואר,שני,יום,קלה,התנגשות חזית בצד,0,0,0,0,5,0,5,2,2,לא-עירונית לא בצומת,עיגון מדויק,4,0,,1,31,58,0,0,0,,
2018,יולי,שלישי,יום,קשה,התנגשות חזית בצד,0,2,0,0,3,2,5,2,2,לא-עירונית לא בצומת,עיגון מדויק,4,0,,2,31,17.3,0,0,0,,
2018,יולי,ראשון,לילה,קלה,התנגשות חזית בצד,0,0,0,4,2,0,6,2,2,לא-עירונית לא בצומת,עיגון מדויק,4,0,,1,31,16.5,0,0,0,,
2018,מאי,שבת,יום,קלה,התנגשות חזית באחור,0,0,0,0,1,0,1,2,2,לא-עירונית לא בצומת,עיגון מדויק,4,0,,1,31,62,0,0,0,,
2019,מאי,שבת,יום,קלה,התנגשות חזית בחזית,0,0,0,1,3,0,4,2,2,לא-עירונית בצומת,עיגון מדויק,3,0,,2,31,0,80,0,0,,
2019,יוני,שלישי,יום,קלה,התנגשות חזית בצד,0,0,0,0,2,0,2,2,2,לא-עירונית בצומת,עיגון מדויק,3,0,,4,31,0,60,0,0,,
2019,פברואר,ראשון,יום,קלה,התנגשות חזית בצד,0,0,0,1,2,0,3,2,2,לא-עירונית בצומת,עיגון מדויק,3,0,,1,31,0,0,0,0,,
2019,מרס,שני,לילה,קשה,התנגשות חזית בחזית,0,1,0,0,2,0,2,2,2,לא-עירונית בצומת,עיגון מדויק,3,0,,1,31,0,0,0,0,,
2019,פברואר,שני,לילה,קלה,התנגשות חזית בצד,0,0,0,0,1,0,1,2,2,לא-עירונית בצומת,עיגון מדויק,3,0,,4,31,0,60,0,0,,
2019,מאי,רביעי,יום,קלה,התנגשות חזית בצד,0,0,0,0,3,0,3,2,2,לא-עירונית בצומת,עיגון מדויק,3,0,,4,31,0,60,0,0,,
2019,ספטמבר,שבת,יום,קלה,התנגשות חזית בצד,0,0,0,0,5,0,5,2,2,לא-עירונית בצומת,עיגון מדויק,3,0,,2,31,0,80,0,0,,
2019,מאי,חמישי,יום,קלה,התנגשות חזית בצד,0,0,0,0,1,0,1,2,2,לא-עירונית בצומת,עיגון מדויק,3,0,,4,31,0,60,0,0,,
2019,יולי,שני,לילה,קשה,התנגשות חזית באחור,0,1,0,0,1,0,1,2,2,לא-עירונית לא בצומת,עיגון מדויק,4,0,,1,31,17,0,0,0,,
2019,פברואר,שלישי,יום,קשה,פגיעה בנוסע בתוך כלי הרכב,0,1,0,0,1,0,1,1,1,לא-עירונית לא בצומת,עיגון מדויק,4,0,,1,31,16.6,0,0,0,,
2019,ינואר,חמישי,יום,קלה,התנגשות חזית בחזית,0,0,0,0,2,0,2,2,2,לא-עירונית לא בצומת,עיגון מדויק,4,0,,1,31,55.4,0,0,0,,
2019,ינואר,שני,יום,קלה,התנגשות צד בצד,0,0,0,0,1,0,1,2,2,לא-עירונית לא בצומת,עיגון מדויק,4,0,,1,31,50,0,0,0,,
2019,דצמבר,שבת,יום,קשה,ירידה מהכביש או עלייה למדרכה,0,1,0,0,1,0,1,1,1,לא-עירונית לא בצומת,עיגון מדויק,4,0,,1,31,57.6,0,0,0,,
2019,נובמבר,חמישי,לילה,קשה,התנגשות חזית בחזית,0,1,0,0,2,0,2,2,2,לא-עירונית לא בצומת,עיגון מדויק,4,0,,1,31,35.7,0,0,0,,
2019,אפריל,חמישי,לילה,קלה,התנגשות חזית בצד,0,0,0,0,4,0,4,2,2,לא-עירונית לא בצומת,עיגון מדויק,4,0,,1,31,17.2,0,0,0,,
2019,מרס,שלישי,לילה,קשה,התהפכות,0,1,0,0,2,0,2,1,1,לא-עירונית לא בצומת,עיגון מדויק,4,0,,1,31,15,0,0,0,,
2019,אוקטובר,חמישי,לילה,קשה,התנגשות חזית בצד,0,2,0,2,0,0,2,2,2,לא-עירונית לא בצומת,עיגון מדויק,4,0,,1,31,13.7,0,0,0,,
2019,יוני,שבת,יום,קטלנית,התנגשות חזית בחזית,1,0,0,0,3,0,3,2,2,לא-עירונית לא בצומת,עיגון מדויק,4,0,,1,31,68.5,0,0,0,,
2019,מרס,ראשון,יום,קלה,התנגשות חזית בצד,0,0,0,2,1,0,3,2,2,לא-עירונית לא בצומת,עיגון מדויק,4,0,,1,31,4,0,0,0,,
2019,אוקטובר,רביעי,יום,קלה,התנגשות חזית בחזית,0,0,0,0,0,0,1,2,2,לא-עירונית לא בצומת,עיגון מדויק,4,0,,1,31,72,0,0,0,,
2019,אפריל,שבת,לילה,קלה,התנגשות חזית בצד,0,0,0,4,3,0,7,2,2,לא-עירונית לא בצומת,עיגון מדויק,4,0,,1,31,45.8,0,0,0,,
2019,יוני,שלישי,יום,קלה,התנגשות חזית בצד,0,0,0,0,1,0,1,2,2,לא-עירונית לא בצומת,עיגון מדויק,4,0,,1,31,46.5,0,0,0,,
2019,יוני,חמישי,יום,קלה,התנגשות צד בצד,0,0,0,2,3,0,5,3,3,לא-עירונית לא בצומת,עיגון מדויק,4,0,,1,31,12.5,0,0,0,,
2019,ספטמבר,שישי,לילה,קלה,התנגשות חזית בחזית,0,0,0,0,0,0,1,2,2,לא-עירונית לא בצומת,עיגון מדויק,4,0,,1,31,17.1,0,0,0,,
2019,אוגוסט,שני,יום,קטלנית,התנגשות חזית באחור,1,2,0,2,8,0,10,7,7,לא-עירונית לא בצומת,עיגון מדויק,4,0,,1,31,15.9,0,0,0,,
2019,יוני,ראשון,יום,קלה,התנגשות חזית בצד,0,0,0,0,5,0,5,2,2,לא-עירונית לא בצומת,עיגון מדויק,4,0,,1,31,13,0,0,0,,
2020,יולי,שישי,יום,קשה,התנגשות חזית בחזית,0,3,0,1,4,0,5,2,2,לא-עירונית בצומת,עיגון מדויק,3,0,,1,31,0,0,0,0,,
2020,דצמבר,שני,לילה,קלה,התנגשות חזית בצד,0,0,0,0,0,0,1,2,2,לא-עירונית בצומת,עיגון מדויק,3,0,,7,31,0,60,0,0,,
2020,נובמבר,שישי,לילה,קלה,התנגשות חזית בצד,0,0,0,2,3,0,5,2,2,לא-עירונית בצומת,עיגון מדויק,3,0,,7,31,0,60,0,0,,
2020,דצמבר,שני,לילה,קלה,התנגשות חזית בצד,0,0,0,0,1,0,1,2,2,לא-עירונית בצומת,עיגון מדויק,3,0,,7,31,0,60,0,0,,
2020,אוגוסט,שישי,יום,קלה,התנגשות חזית בצד,0,0,0,3,3,0,6,2,2,לא-עירונית בצומת,עיגון מדויק,3,0,,1,31,0,80,0,0,,
2020,דצמבר,ראשון,לילה,קלה,התנגשות חזית בצד,0,0,0,0,4,0,4,2,2,לא-עירונית בצומת,עיגון מדויק,3,0,,1,31,0,0,0,0,,
2020,אוקטובר,שישי,לילה,קלה,התנגשות חזית באחור,0,0,0,0,1,0,1,2,2,לא-עירונית בצומת,עיגון מדויק,3,0,,7,31,0,60,0,0,,
2020,דצמבר,שישי,לילה,קלה,התנגשות חזית בצד,0,0,0,0,1,0,1,2,2,לא-עירונית בצומת,עיגון מדויק,3,0,,7,31,0,60,0,0,,
2020,מאי,חמישי,לילה,קלה,התנגשות חזית בחזית,0,0,0,2,2,0,4,2,2,לא-עירונית בצומת,עיגון מדויק,3,0,,7,31,0,60,0,0,,
2020,אוגוסט,שישי,יום,קשה,אחר,0,1,0,0,1,0,1,1,1,לא-עירונית בצומת,עיגון מדויק,3,0,,1,6,0,31,358,0,,
2020,אוגוסט,שישי,יום,קלה,התנגשות חזית בצד,0,0,0,2,0,1,3,2,2,לא-עירונית בצומת,עיגון מדויק,3,0,,7,31,0,60,0,0,,
2020,ספטמבר,ראשון,יום,קלה,התנגשות חזית בחזית,0,0,0,0,9,0,9,3,3,לא-עירונית לא בצומת,עיגון מדויק,4,0,,1,31,11.9,0,0,0,,
2020,ספטמבר,חמישי,יום,קלה,התנגשות חזית בצד,0,0,0,0,2,0,2,2,2,לא-עירונית לא בצומת,עיגון מדויק,4,0,,3,31,13.7,0,0,0,,
2020,פברואר,חמישי,יום,קלה,התנגשות חזית בחזית,0,0,0,0,1,0,1,2,2,לא-עירונית לא בצומת,עיגון מדויק,4,0,,1,31,50,0,0,0,,
2020,יולי,שישי,יום,קשה,התנגשות חזית בחזית,0,1,0,0,5,0,5,2,2,לא-עירונית לא בצומת,עיגון מדויק,4,0,,1,31,58.8,0,0,0,,
2020,יוני,שישי,יום,קלה,התנגשות חזית בצד,0,0,0,0,2,0,2,2,2,לא-עירונית לא בצומת,עיגון מדויק,4,0,,1,31,13.8,0,0,0,,
2020,פברואר,רביעי,יום,קטלנית,התנגשות עם עצם דומם,1,0,0,0,1,0,1,1,1,לא-עירונית לא בצומת,עיגון מדויק,4,0,,2,31,57.6,0,0,0,,
2020,אוגוסט,שני,יום,קלה,התנגשות חזית באחור,0,0,0,0,3,0,3,3,3,לא-עירונית לא בצומת,עיגון מדויק,4,0,,1,31,21.9,0,0,0,,
2020,יולי,רביעי,יום,קשה,ירידה מהכביש או עלייה למדרכה,0,1,0,0,1,0,1,1,1,לא-עירונית לא בצומת,עיגון מדויק,4,0,,1,31,28.2,0,0,0,,
2020,ינואר,ראשון,יום,קלה,התנגשות צד בצד,0,0,0,0,3,1,4,2,2,לא-עירונית לא בצומת,עיגון מדויק,4,0,,2,31,57.6,0,0,0,,
2020,נובמבר,שלישי,לילה,קשה,החלקה,0,1,0,1,1,0,2,1,1,לא-עירונית לא בצומת,עיגון מדויק,4,0,,1,31,69.3,0,0,0,,
2020,אוגוסט,חמישי,יום,קשה,התנגשות חזית בצד,0,1,0,1,1,0,2,2,2,לא-עירונית לא בצומת,עיגון מדויק,4,0,,3,31,13.7,0,0,0,,
2020,יולי,שלישי,יום,קלה,התנגשות צד בצד,0,0,0,2,0,0,2,3,3,לא-עירונית לא בצומת,עיגון מדויק,4,0,,2,31,47.7,0,0,0,,
2020,יוני,שישי,יום,קשה,התהפכות,0,1,0,0,1,0,1,1,1,לא-עירונית לא בצומת,עיגון מדויק,4,0,,1,31,49.2,0,0,0,,
2020,יולי,שבת,לילה,קשה,פגיעה בהולך רגל,0,1,1,0,0,1,1,2,2,לא-עירונית לא בצומת,עיגון מדויק,4,0,,3,31,13.7,0,0,0,,
2021,יוני,חמישי,יום,קלה,התנגשות חזית בצד,0,0,0,0,1,1,2,2,2,לא-עירונית בצומת,עיגון מדויק,3,0,,2,31,0,258,0,0,,
2021,ספטמבר,רביעי,לילה,קשה,התנגשות חזית בצד,0,1,0,0,2,0,2,2,2,לא-עירונית בצומת,עיגון מדויק,3,0,,8,31,0,60,0,0,,
2021,יוני,שני,יום,קלה,התנגשות חזית בצד,0,0,0,0,3,0,3,2,2,לא-עירונית בצומת,עיגון מדויק,3,0,,1,31,0,0,0,0,,
2021,ינואר,שלישי,יום,קלה,התנגשות חזית בצד,0,0,0,0,2,0,2,2,2,לא-עירונית בצומת,עיגון מדויק,3,0,,8,31,0,60,0,0,,
2021,נובמבר,שני,לילה,קלה,התנגשות חזית בחזית,0,0,0,1,2,0,3,2,2,לא-עירונית בצומת,עיגון מדויק,3,0,,8,31,0,60,0,0,,
2021,יולי,רביעי,יום,קלה,התנגשות חזית בצד,0,0,0,0,2,0,2,2,2,לא-עירונית בצומת,עיגון מדויק,3,0,,1,31,0,0,0,0,,
2021,אוגוסט,ראשון,יום,קלה,התנגשות חזית בצד,0,0,0,0,4,0,4,2,2,לא-עירונית בצומת,עיגון מדויק,3,0,,2,31,0,258,0,0,,
2021,ינואר,שני,לילה,קשה,התנגשות חזית באחור,0,1,0,0,2,0,2,2,2,לא-עירונית בצומת,עיגון מדויק,3,0,,8,31,0,60,0,0,,
2021,אוקטובר,שלישי,יום,קלה,התנגשות חזית בצד,0,0,0,0,3,0,3,2,2,לא-עירונית בצומת,עיגון מדויק,3,0,,8,31,0,60,0,0,,
2021,ספטמבר,חמישי,לילה,קשה,התנגשות צד בצד,0,2,0,0,6,0,6,2,2,לא-עירונית בצומת,עיגון מדויק,3,0,,1,31,0,0,0,0,,
2021,דצמבר,שלישי,לילה,קשה,אחר,0,1,0,2,1,0,3,1,1,לא-עירונית בצומת,עיגון מדויק,3,0,,1,31,0,3112,0,0,,
2021,ינואר,שישי,יום,קלה,התנגשות חזית בצד,0,0,0,0,1,0,1,2,2,לא-עירונית בצומת,עיגון מדויק,3,0,,8,31,0,60,0,0,,
2021,ינואר,רביעי,יום,קלה,התנגשות חזית בצד,0,0,0,1,4,0,5,3,3,לא-עירונית בצומת,עיגון מדויק,3,0,,8,31,0,60,0,0,,
2021,ינואר,שלישי,יום,קלה,התנגשות חזית בצד,0,0,0,0,3,0,3,2,2,לא-עירונית בצומת,עיגון מדויק,3,0,,8,31,0,60,0,0,,
2021,ינואר,שישי,יום,קשה,התנגשות חזית בצד,0,1,0,0,1,0,1,2,2,לא-עירונית בצומת,עיגון מדויק,3,0,,1,31,0,0,0,0,,
2021,מאי,שבת,יום,קשה,התהפכות,0,1,0,0,1,0,1,1,1,לא-עירונית לא בצומת,עיגון מדויק,4,0,,1,31,58.5,0,0,0,,
2021,אפריל,חמישי,יום,קלה,התנגשות חזית באחור,0,0,0,0,2,0,2,2,2,לא-עירונית לא בצומת,עיגון מדויק,4,0,,1,31,21,0,0,0,,
2021,אפריל,שני,יום,קשה,החלקה,0,1,0,0,1,0,1,1,1,לא-עירונית לא בצומת,עיגון מדויק,4,0,,1,31,30.1,0,0,0,,
2021,מרס,שבת,יום,קשה,התנגשות חזית בחזית,0,2,0,0,2,2,4,2,2,לא-עירונית לא בצומת,עיגון מדויק,4,0,,1,31,71,0,0,0,,
2021,פברואר,ראשון,לילה,קשה,פגיעה בהולך רגל,0,1,1,1,0,0,1,1,1,לא-עירונית לא בצומת,עיגון מדויק,4,0,,1,31,18,0,0,0,,
2021,ספטמבר,שבת,יום,קלה,התנגשות חזית בחזית,0,0,0,0,2,0,2,2,2,לא-עירונית לא בצומת,עיגון מדויק,4,0,,1,31,15,0,0,0,,
2021,פברואר,חמישי,יום,קלה,התנגשות חזית בחזית,0,0,0,0,3,0,3,2,2,לא-עירונית לא בצומת,עיגון מדויק,4,0,,1,31,50.2,0,0,0,,
2021,מאי,רביעי,לילה,קלה,התנגשות חזית בחזית,0,0,0,0,4,0,4,2,2,לא-עירונית לא בצומת,עיגון מדויק,4,0,,1,31,72.2,0,0,0,,
2021,אפריל,חמישי,לילה,קשה,התנגשות חזית באחור,0,1,0,1,2,0,3,2,2,לא-עירונית לא בצומת,עיגון מדויק,4,0,,1,31,44,0,0,0,,
2021,מרס,שישי,לילה,קלה,התנגשות צד בצד,0,0,0,3,2,0,5,2,2,לא-עירונית לא בצומת,עיגון מדויק,4,0,,1,31,12.7,0,0,0,,
2021,אפריל,שישי,יום,קטלנית,התהפכות,1,0,0,0,1,0,1,1,1,לא-עירונית לא בצומת,עיגון מדויק,4,0,,1,31,29,0,0,0,,
2021,מאי,שבת,יום,קטלנית,התנגשות חזית בחזית,1,0,0,0,2,0,2,2,2,לא-עירונית לא בצומת,עיגון מדויק,4,0,,1,31,28,0,0,0,,
2022,אוקטובר,ראשון,לילה,קלה,התנגשות חזית בצד,0,0,0,0,4,0,4,3,3,לא-עירונית בצומת,עיגון מדויק,3,0,,1,31,0,0,0,0,,
2022,אפריל,שלישי,לילה,קלה,התנגשות חזית בצד,0,0,0,0,3,0,3,3,3,לא-עירונית בצומת,עיגון מדויק,3,0,,3,31,0,80,0,0,,
2022,אפריל,רביעי,יום,קלה,התנגשות צד בצד,0,0,0,3,1,0,4,2,2,לא-עירונית בצומת,עיגון מדויק,3,0,,1,31,0,0,0,0,,
2022,ספטמבר,ראשון,לילה,קלה,התנגשות חזית בצד,0,0,0,0,0,0,1,2,2,לא-עירונית בצומת,עיגון מדויק,3,0,,3,31,0,80,0,0,,
2022,יוני,רביעי,יום,קלה,התנגשות חזית בצד,0,0,0,0,1,1,2,2,2,לא-עירונית בצומת,עיגון מדויק,3,0,,1,31,0,60,0,0,,
2022,אפריל,שלישי,יום,קשה,התנגשות עם עצם דומם,0,1,0,0,1,0,1,1,1,לא-עירונית בצומת,עיגון מדויק,3,0,,1,31,0,90,0,0,,
2022,אוגוסט,שלישי,יום,קלה,התנגשות חזית בצד,0,0,0,0,2,1,3,2,2,לא-עירונית בצומת,עיגון מדויק,3,0,,3,31,0,80,0,0,,
2022,מאי,ראשון,לילה,קלה,התנגשות עם עצם דומם,0,0,0,0,1,0,1,1,1,לא-עירונית לא בצומת,מרכז דרך,4,0,,1,31,0,0,0,0,,
2022,מרס,רביעי,יום,קשה,התנגשות עם עצם דומם,0,1,0,0,1,0,1,1,1,לא-עירונית לא בצומת,עיגון מדויק,4,0,,1,31,23.1,0,0,0,,
2022,אפריל,חמישי,לילה,קלה,התנגשות חזית בחזית,0,0,0,0,2,0,2,2,2,לא-עירונית לא בצומת,עיגון מדויק,4,0,,1,31,13.1,0,0,0,,
2022,מרס,ראשון,יום,קשה,התנגשות חזית באחור,0,2,0,3,2,2,7,2,2,לא-עירונית לא בצומת,עיגון מדויק,4,0,,1,31,41.6,0,0,0,,
2022,אוקטובר,שלישי,לילה,קלה,התנגשות חזית בצד,0,0,0,0,1,0,1,2,2,לא-עירונית לא בצומת,עיגון מדויק,4,0,,2,31,13.7,0,0,0,,
2022,מאי,ראשון,יום,קטלנית,התנגשות חזית בצד,1,0,0,0,2,0,2,2,2,לא-עירונית לא בצומת,עיגון מדויק,4,0,,2,31,13.7,0,0,0,,
2022,מרס,שלישי,לילה,קטלנית,פגיעה בהולך רגל,1,0,1,0,1,0,1,1,1,לא-עירונית לא בצומת,עיגון מדויק,4,0,,1,31,19,0,0,0,,
2022,ינואר,חמישי,יום,קלה,התנגשות חזית בצד,0,0,0,1,1,0,2,2,2,לא-עירונית לא בצומת,עיגון מדויק,4,0,,1,31,15.4,0,0,0,,
2022,אפריל,רביעי,יום,קשה,התנגשות חזית בצד,0,1,0,0,2,0,2,2,2,לא-עירונית לא בצומת,עיגון מדויק,4,0,,1,31,17,0,0,0,,
2022,פברואר,שלישי,יום,קטלנית,התהפכות,1,1,0,0,2,0,2,1,1,לא-עירונית לא בצומת,עיגון מדויק,4,0,,1,31,36,0,0,0,,
2022,ינואר,שבת,לילה,קשה,פגיעה בהולך רגל,0,1,1,0,2,0,2,2,2,לא-עירונית לא בצומת,עיגון מדויק,4,0,,1,31,20.2,0,0,0,,
2022,מרס,שלישי,לילה,קשה,התנגשות חזית בצד,0,1,0,0,3,0,3,2,2,לא-עירונית לא בצומת,עיגון מדויק,4,0,,1,31,16.3,0,0,0,,
2022,ספטמבר,שישי,לילה,קשה,התהפכות,0,1,0,0,1,0,1,1,1,לא-עירונית לא בצומת,עיגון מדויק,4,0,,1,31,42.3,0,0,0,,
